age,sex,years_of_education,country,ses_nuclear_family,gold_msi_musical_training,gold_msi_general_sophistication,gold_msi_active_engagement,bfi_extraversion,bfi_agreeableness,bfi_conscientiousness,bfi_negative_emotionality,bfi_open_mindedness,digit_span,spatial_span,melody_span
29,female,18,Argentina,8.0,43,112,50,45,52,49,31,55,10.0,7.5,28.0
21,female,16,Argentina,64.5,32,83,39,38,52,33,38,56,8.5,7.0,31.0
23,male,16,Argentina,22.0,48,121,55,45,59,53,21,51,10.0,10.5,40.5
30,female,15,Argentina,20.5,39,106,34,48,49,51,28,50,10.0,8.5,32.5
26,male,17,Argentina,38.0,43,111,54,33,46,51,29,55,10.5,3.5,29.0
26,male,15,Argentina,50.0,41,113,52,39,49,27,22,57,6.5,8.5,23.5
26,male,15,Argentina,47.0,49,116,57,40,50,30,27,36,8.0,11.5,18.5
30,female,18,Argentina,63.0,42,93,32,34,49,18,49,54,8.5,7.5,29.5
21,female,13,Argentina,30.0,42,110,54,50,50,45,42,55,12.0,7.0,22.5
24,female,14,Argentina,31.0,47,111,54,43,44,38,42,51,7.0,8.0,19.5
22,female,16,Argentina,63.0,40,107,51,40,47,36,39,44,11.5,8.0,29.0
26,female,13,Argentina,20.0,43,106,49,54,51,40,33,55,9.5,6.5,30.5
22,female,16,Argentina,53.0,43,119,52,47,47,35,19,58,9.5,7.5,24.5
27,male,18,Argentina,63.0,35,101,45,39,42,43,35,51,12.0,7.5,30.0
25,female,16,Argentina,32.0,41,107,50,53,42,33,46,59,6.0,8.5,17.0
27,male,15,Argentina,23.0,42,109,56,35,45,29,34,52,9.5,9.0,19.5
30,male,18,Argentina,19.0,38,98,50,37,50,33,29,55,11.0,10.0,24.5
19,male,13,Argentina,35.0,42,115,56,56,45,51,24,49,7.5,8.5,22.5
24,male,17,Argentina,66.0,42,105,47,38,33,32,40,54,11.5,14.0,27.5
23,male,15,Argentina,22.0,42,89,45,40,46,46,29,49,6.5,8.5,21.0
29,female,17,Argentina,8.0,11,66,40,43,44,49,34,45,7.0,5.0,14.5
22,female,16,Argentina,58.0,16,63,24,40,55,28,42,41,12.5,13.5,18.5
24,male,15,Argentina,53.0,11,62,17,34,38,36,48,40,9.0,8.0,12.5
29,female,16,Argentina,58.0,15,65,30,29,45,32,36,52,8.5,8.0,17.0
26,male,16,Argentina,20.0,11,53,23,26,43,29,48,47,7.5,7.0,9.0
26,male,15,Argentina,53.0,7,42,15,31,53,36,40,47,8.5,6.5,15.5
25,male,15,Argentina,35.0,8,57,43,38,52,31,38,50,7.0,6.5,20.5
30,female,17,Argentina,8.0,7,37,28,40,53,45,36,50,7.0,6.5,14.5
20,female,12,Argentina,16.0,12,70,36,44,47,36,33,42,6.0,8.0,21.5
23,female,14,Argentina,37.0,11,63,40,40,41,21,30,46,11.0,11.5,17.0
22,female,14,Argentina,58.0,7,36,22,35,36,46,42,46,10.0,8.5,14.5
22,female,16,Argentina,63.0,12,55,38,38,44,45,49,56,8.5,8.0,28.0
27,female,14,Argentina,22.0,13,72,46,38,42,31,44,52,7.5,9.0,15.5
22,female,16,Argentina,44.5,7,50,18,41,46,43,30,31,8.5,8.5,19.0
27,male,18,Argentina,17.0,7,69,57,52,57,53,24,57,12.0,8.0,18.0
24,female,15,Argentina,34.0,12,64,39,43,52,39,43,48,11.5,7.5,23.0
28,male,15,Argentina,63.5,7,37,31,50,50,37,26,47,10.0,7.5,22.5
30,male,19,Argentina,45.5,7,66,36,41,56,48,18,58,11.0,8.0,19.0
18,male,12,Argentina,66.0,9,58,35,30,44,39,43,45,8.5,6.0,18.0
23,male,17,Argentina,63.0,10,61,26,40,34,52,32,54,12.5,8.5,18.0
24,male,15,Argentina,49.0,18,70,38,40,46,44,37,45,12.5,12.5,24.5
21,male,15,Austria,57.0,7,39,27,55,47,54,17,51,9.0,11.0,31.0
24,female,15,Austria,46.5,47,98,43,47,53,39,53,57,9.5,7.0,24.5
21,female,14,Austria,55.5,11,63,27,56,43,48,23,52,10.0,10.0,21.0
20,female,14,Austria,44.0,39,91,42,30,48,44,28,44,10.0,10.0,22.0
22,male,15,Austria,60.0,7,65,32,58,58,46,20,57,8.0,7.0,16.5
24,male,17,Austria,31.0,40,101,49,42,52,45,35,41,9.0,8.5,16.5
25,female,17,Austria,26.0,12,59,17,40,54,42,27,33,9.0,10.0,27.5
21,male,14,Austria,63.0,30,76,29,15,48,45,45,42,9.0,6.5,23.5
24,male,17,Austria,47.0,10,56,17,34,41,40,25,40,11.5,12.5,16.0
28,female,19,Austria,8.0,44,103,47,48,41,53,24,46,9.5,8.5,29.5
24,female,17,Austria,64.5,33,97,43,47,53,47,34,50,10.5,6.0,33.0
20,female,13,Austria,33.5,11,37,16,38,52,49,26,46,9.0,7.5,19.0
22,female,16,Austria,43.0,43,94,44,37,47,33,28,49,9.0,11.5,24.0
23,female,17,Austria,50.0,22,55,26,33,55,32,45,51,8.5,10.0,23.0
21,male,16,Austria,55.0,41,97,44,43,46,38,39,27,10.5,9.5,28.5
22,female,16,Austria,30.5,7,51,38,37,37,34,46,54,7.5,9.5,10.0
22,female,17,Austria,21.0,49,110,49,51,54,42,29,51,10.5,9.5,37.0
19,female,13,Austria,63.0,10,51,32,43,48,50,21,50,10.0,10.0,20.5
18,female,12,Austria,58.0,42,99,51,32,48,46,51,57,6.0,12.0,29.0
26,male,19,Austria,26.5,7,33,9,46,51,50,32,41,10.5,10.0,21.0
23,female,17,Austria,40.0,41,103,46,49,56,52,23,50,10.5,6.5,24.5
27,female,18,Austria,52.0,7,46,29,30,45,35,44,40,6.5,4.5,18.5
26,male,17,Austria,53.0,41,92,38,37,53,46,23,48,9.5,7.5,29.0
22,male,16,Austria,35.0,8,41,20,25,44,42,29,38,6.0,7.5,20.5
20,female,14,Austria,56.0,20,54,25,33,45,49,38,44,8.0,7.0,20.0
25,female,17,Austria,59.5,38,98,40,51,49,23,21,56,8.0,10.5,20.0
20,female,13,Austria,35.0,12,55,29,52,53,45,30,52,10.5,8.0,19.5
20,female,15,Austria,29.0,45,110,50,42,34,49,37,55,12.5,9.0,26.5
20,female,14,Austria,27.5,17,52,27,33,52,34,35,38,7.5,11.0,21.0
21,female,14,Austria,60.5,34,85,39,26,54,45,42,36,12.0,11.0,19.5
24,female,14,Austria,58.0,18,67,37,25,46,44,46,45,11.0,8.0,16.0
21,male,15,Austria,8.0,36,80,23,42,45,35,38,42,6.0,5.0,23.0
23,female,17,Austria,62.0,22,63,26,50,52,48,27,47,8.0,8.0,15.5
19,female,13,Austria,47.5,43,86,35,47,56,48,26,49,8.0,10.0,30.0
24,female,17,Austria,43.5,7,49,29,28,37,27,58,33,10.0,11.0,24.0
20,female,13,Austria,8.0,43,103,43,38,51,41,25,53,8.5,8.0,46.0
28,female,18,Austria,8.0,12,41,15,29,49,53,46,57,9.0,10.5,25.5
28,female,18,Austria,36.0,36,80,36,40,52,50,22,41,9.5,7.5,21.5
22,female,14,Austria,34.0,16,63,35,39,51,37,35,43,9.5,8.0,16.0
22,female,14,Austria,50.5,37,97,41,41,39,54,43,50,10.5,7.5,35.5
29,male,16,Austria,48.5,44,109,44,51,48,31,34,52,10.5,7.5,21.0
18,female,13,Australia,49.5,42,108,45,44,54,41,21,40,6.5,8.5,33.5
22,female,17,Australia,58.0,15,59,28,33,43,27,41,42,12.0,9.5,20.5
18,male,15,Australia,63.5,40,99,55,38,43,43,48,50,13.0,12.5,29.5
20,male,16,Australia,58.0,43,105,51,33,40,30,50,48,12.5,8.0,32.5
18,female,13,Australia,54.0,40,115,56,52,42,53,52,55,11.5,8.0,26.5
19,female,15,Australia,58.0,46,113,50,28,51,49,27,47,8.5,10.0,22.0
19,female,14,Australia,24.0,16,62,39,30,30,25,45,52,8.5,7.5,16.5
20,male,15,Australia,42.0,9,46,32,37,47,35,33,38,10.0,8.0,19.5
29,male,17,Australia,62.0,44,103,39,38,38,40,27,46,10.0,8.5,31.0
29,male,16,Australia,51.5,7,34,20,37,48,41,27,43,8.5,8.0,17.5
30,male,18,Australia,52.0,48,108,47,36,44,23,55,53,8.0,4.0,19.5
19,female,15,Australia,53.5,14,60,37,39,35,38,36,34,9.5,5.5,21.0
22,female,16,Australia,31.0,38,91,49,28,39,26,48,54,10.0,9.0,31.0
18,female,13,Australia,38.0,10,71,35,39,43,44,41,52,12.0,10.5,27.5
21,female,16,Australia,59.5,41,89,43,33,43,37,41,48,19.0,12.0,42.0
18,female,13,Australia,58.0,12,60,32,32,42,34,41,45,11.5,8.5,21.5
22,female,18,Australia,44.0,41,94,45,34,38,45,41,46,11.5,12.5,35.0
20,male,15,Australia,58.0,23,66,35,41,41,44,28,39,15.5,12.5,17.5
25,female,19,Australia,55.5,47,111,49,38,50,40,34,53,18.0,11.5,40.0
22,female,17,Australia,38.0,12,63,43,31,44,26,37,41,11.0,9.0,27.5
18,male,13,Australia,50.5,35,77,41,33,50,44,55,46,9.5,10.0,26.0
18,female,12,Australia,48.0,20,71,32,34,38,35,34,33,6.0,6.0,8.0
20,male,15,Australia,43.0,44,97,35,33,52,43,28,41,12.0,7.0,26.0
19,male,14,Australia,19.0,7,62,32,50,46,45,23,50,8.5,7.0,18.0
18,female,13,Australia,38.5,40,82,28,38,39,24,35,31,9.0,9.5,31.5
18,male,13,Australia,40.0,7,49,32,31,38,43,41,48,12.5,10.0,24.5
30,male,18,Australia,35.0,7,44,28,29,35,27,47,27,12.0,10.0,23.0
18,male,13,Australia,44.0,7,59,41,33,43,25,52,40,10.0,9.0,20.5
22,female,17,Australia,58.0,41,103,56,45,38,36,45,58,10.0,9.0,22.5
18,female,13,Australia,27.0,18,71,27,44,50,53,36,46,7.0,11.0,14.5
19,female,15,Australia,66.0,41,106,55,56,47,49,31,54,8.5,9.5,23.0
26,female,20,Australia,63.0,29,93,31,41,39,52,41,57,12.0,8.0,20.5
19,male,14,Australia,53.0,7,51,31,54,37,40,28,42,7.5,8.5,19.5
18,male,14,Australia,51.0,38,96,52,40,42,30,40,51,15.5,11.5,30.0
19,female,14,Australia,21.0,7,45,29,32,54,48,22,43,10.5,6.5,18.0
18,male,13,Australia,61.0,39,101,51,36,45,23,31,51,12.0,7.0,32.0
23,female,18,Australia,42.0,10,39,26,35,46,41,33,41,10.0,11.0,19.5
19,female,14,Australia,8.0,33,95,31,25,47,30,42,48,8.5,9.0,26.5
18,female,13,Australia,66.0,15,66,30,46,37,33,32,39,11.0,7.5,16.0
18,female,13,Australia,53.0,42,89,39,37,45,38,52,53,9.0,9.0,31.0
18,female,13,Australia,51.0,42,110,54,56,53,40,24,51,12.5,7.5,23.0
21,female,16,Australia,48.0,15,68,38,25,51,27,40,46,4.0,10.5,23.5
19,female,13,Australia,38.5,12,67,26,35,39,28,56,47,10.5,7.5,31.5
20,female,13,Australia,63.5,30,54,22,24,46,43,50,28,10.0,9.5,33.0
21,male,15,Australia,57.0,7,34,25,48,44,44,48,42,10.5,8.5,21.5
25,female,17,Australia,63.0,45,106,41,38,45,48,29,48,12.0,10.0,34.0
29,female,17,Australia,54.0,36,103,40,38,50,42,43,42,12.0,9.0,27.5
26,male,20,Australia,8.0,40,90,38,36,39,46,46,41,9.5,10.5,29.0
28,female,23,Australia,54.5,44,115,53,48,58,58,24,58,10.0,8.5,29.0
29,male,22,Australia,57.0,47,109,50,40,25,28,41,56,11.0,11.0,18.0
20,male,13,Australia,48.0,10,48,25,39,40,41,33,41,10.0,8.5,19.0
20,female,13,Australia,63.0,14,50,27,35,41,34,46,45,10.0,9.0,22.0
27,male,16,Australia,56.0,49,124,58,40,58,36,20,59,11.5,12.0,26.0
27,male,16,Australia,57.5,42,99,49,38,51,54,15,51,8.5,12.0,24.0
24,male,17,Belgium,66.0,43,109,54,48,42,51,31,56,8.0,8.5,29.5
25,male,18,Belgium,66.0,33,82,40,40,48,31,39,52,11.5,11.0,27.0
29,female,18,Belgium,52.0,40,94,49,34,38,47,38,49,14.0,7.5,27.5
28,male,17,Belgium,66.0,39,76,37,37,38,43,32,52,9.5,9.0,20.0
22,female,16,Belgium,54.5,42,101,46,37,56,50,39,57,6.0,7.5,31.0
23,female,17,Belgium,66.0,45,108,52,36,54,34,37,56,9.5,9.0,33.0
22,female,17,Belgium,61.0,35,75,35,46,49,50,29,44,6.5,7.0,28.0
24,male,17,Belgium,62.0,49,112,53,48,46,36,37,52,10.5,10.5,34.0
29,male,14,Belgium,59.5,46,102,57,31,38,31,31,53,10.0,7.5,25.5
19,male,12,Belgium,55.5,37,66,36,32,47,31,37,49,13.5,9.5,23.5
24,male,16,Belgium,46.0,40,103,52,28,47,31,41,49,9.0,7.5,33.0
28,female,22,Belgium,66.0,35,100,42,36,52,51,41,51,9.5,8.5,30.5
21,female,15,Belgium,57.5,39,95,43,36,53,48,37,52,14.5,5.5,43.5
21,male,15,Belgium,48.0,49,115,54,45,48,37,47,60,13.5,10.0,38.5
20,female,13,Belgium,44.5,43,102,50,35,45,32,46,56,11.5,10.0,38.0
19,male,13,Belgium,46.0,39,90,44,34,51,39,29,49,10.5,9.0,25.0
30,male,21,Belgium,36.0,44,102,48,52,44,48,34,55,8.0,9.0,29.5
24,female,18,Belgium,14.0,43,103,50,33,45,41,44,56,15.5,9.5,30.5
21,female,14,Belgium,53.5,42,99,41,42,46,50,32,47,8.5,8.0,27.5
20,male,14,Belgium,56.0,36,98,45,41,49,32,24,57,9.5,9.5,30.0
20,female,13,Belgium,53.5,36,96,52,38,45,40,43,55,9.5,10.5,29.0
24,male,18,Belgium,49.0,10,54,36,44,45,51,32,41,11.5,8.0,19.0
25,male,18,Belgium,53.5,15,40,28,45,43,32,32,42,11.0,7.0,23.0
24,female,17,Belgium,63.5,17,70,29,45,49,51,44,49,10.5,8.0,22.5
23,female,16,Belgium,8.0,14,53,47,22,48,29,43,52,7.0,10.0,21.5
22,female,16,Belgium,27.0,7,49,33,36,52,36,55,44,7.5,9.5,21.0
21,male,15,Belgium,66.0,8,51,25,35,44,43,31,41,9.5,6.5,15.0
22,female,15,Belgium,35.0,7,39,20,47,46,56,46,55,9.5,9.0,18.0
28,female,17,Belgium,51.0,11,58,30,48,45,44,36,42,8.0,5.0,25.0
22,female,15,Belgium,34.0,11,61,34,41,39,44,30,45,10.5,7.0,14.5
29,male,17,Belgium,33.5,17,67,37,38,54,48,17,53,9.5,8.0,23.5
25,female,17,Belgium,56.0,15,54,33,37,46,58,35,48,12.5,10.5,32.0
26,male,19,Belgium,53.5,10,46,31,45,42,53,42,28,10.5,10.0,11.0
27,female,21,Belgium,63.5,7,48,32,49,50,44,34,53,7.5,9.0,27.0
25,male,17,Belgium,45.5,9,61,40,47,50,41,42,46,12.5,8.5,24.0
20,female,13,Belgium,37.0,7,41,26,41,37,52,53,47,9.0,8.0,28.0
30,male,14,Belgium,40.0,7,21,13,40,39,54,27,36,8.5,6.5,21.5
19,female,12,Belgium,63.0,12,45,36,43,40,28,47,51,7.0,6.0,25.0
22,male,15,Belgium,33.0,15,75,36,29,40,43,30,44,8.0,8.0,23.5
18,male,12,Belgium,51.0,12,65,40,32,44,34,29,44,12.5,9.5,22.0
29,male,20,Belgium,21.0,7,54,21,33,47,40,30,44,10.0,8.0,29.0
20,male,14,Belgium,61.0,7,39,26,38,54,34,32,54,10.5,8.5,18.0
25,female,14,Brazil,51.0,39,96,43,42,45,34,32,50,15.5,10.0,32.5
18,male,12,Brazil,48.0,37,90,43,40,44,26,41,43,11.0,11.0,30.0
25,male,15,Brazil,15.0,10,66,40,31,45,36,30,33,11.0,9.0,28.5
29,female,17,Brazil,13.0,44,104,49,33,39,48,58,46,16.5,6.5,28.5
26,female,18,Brazil,27.0,36,103,50,29,40,39,39,58,10.5,10.0,36.5
28,male,22,Brazil,26.0,43,92,49,45,42,41,37,49,10.5,7.5,28.0
18,female,12,Brazil,8.0,15,48,24,27,36,30,48,47,7.5,8.0,19.5
27,male,20,Brazil,8.0,43,68,34,27,46,34,47,51,9.0,11.0,29.0
29,male,17,Brazil,25.0,43,117,48,43,40,37,26,59,9.5,7.5,27.0
27,male,17,Brazil,14.0,39,106,52,53,38,46,27,60,12.5,13.0,26.5
19,male,13,Brazil,26.0,40,101,52,37,44,40,18,53,12.0,11.5,30.0
20,female,15,Brazil,43.0,46,105,54,46,47,46,32,57,11.5,11.0,28.5
25,male,19,Brazil,44.5,35,93,44,36,35,30,36,52,9.5,7.5,31.5
20,female,13,Brazil,58.0,44,93,46,33,40,41,42,48,12.0,11.0,28.5
19,female,12,Brazil,49.5,42,108,47,50,56,45,40,56,7.5,9.5,24.0
27,female,22,Brazil,35.0,45,97,38,44,37,39,38,56,8.5,12.0,24.0
21,male,16,Brazil,59.5,38,100,50,43,44,43,35,55,7.5,7.5,32.5
20,male,15,Brazil,29.0,38,93,47,37,30,35,47,55,7.5,9.0,19.0
25,male,20,Brazil,8.0,41,82,40,29,33,21,49,46,6.5,8.0,23.5
26,male,19,Brazil,22.0,39,88,47,34,36,29,46,46,9.0,8.0,29.0
24,male,19,Brazil,50.0,48,88,30,48,50,43,31,38,9.0,10.0,44.5
23,male,15,Brazil,28.5,38,89,45,46,44,38,38,48,9.0,10.5,29.0
25,female,18,Brazil,20.0,40,74,31,25,38,52,58,27,7.5,10.5,28.0
30,male,17,Brazil,8.0,9,29,15,29,44,39,26,41,8.0,8.0,20.5
21,male,16,Brazil,32.5,7,50,34,29,48,47,38,47,7.5,7.0,16.5
21,female,16,Brazil,44.5,15,87,58,45,53,37,43,58,12.5,5.0,20.0
27,male,20,Brazil,35.0,7,21,16,40,44,50,29,32,9.5,8.0,17.0
28,male,23,Brazil,47.0,7,52,25,21,39,30,44,37,10.5,11.0,28.0
24,male,19,Brazil,21.0,12,41,29,31,44,42,28,48,10.5,11.0,28.0
25,female,17,Brazil,21.0,14,60,23,42,45,46,29,51,11.0,9.0,32.5
20,female,12,Brazil,22.0,8,50,25,31,30,31,51,51,7.5,7.5,21.5
26,female,21,Brazil,32.0,7,46,34,41,44,37,50,50,10.0,7.0,19.5
20,male,14,Brazil,17.0,7,48,30,47,43,47,42,56,7.0,10.0,14.5
21,male,16,Brazil,34.0,16,68,44,46,44,45,39,54,10.0,7.5,21.5
21,male,15,Brazil,64.5,16,50,30,26,39,35,41,45,10.5,8.0,28.0
24,female,19,Brazil,48.0,11,30,21,35,51,41,51,40,8.0,7.0,16.5
21,female,15,Brazil,33.0,43,96,41,42,50,30,42,45,6.0,4.0,18.0
20,male,15,Brazil,35.0,42,112,54,43,39,41,29,54,10.0,9.5,28.5
20,female,15,Brazil,48.0,33,106,53,48,48,45,32,53,8.0,9.0,32.0
29,female,16,Brazil,18.0,13,67,29,38,45,50,28,46,12.0,7.5,16.5
21,female,16,Brazil,27.0,8,44,30,46,43,44,35,56,10.5,8.5,15.5
21,female,15,Brazil,17.5,12,65,49,31,45,31,59,56,7.5,7.5,15.0
19,male,12,Brazil,13.0,19,66,42,47,40,37,52,47,9.0,7.0,16.0
21,nonbinary,16,Brazil,26.0,39,98,60,42,59,44,39,57,10.0,6.0,28.5
22,nonbinary,17,Brazil,8.0,21,61,37,36,32,41,37,55,6.5,9.5,15.5
26,male,19,Brazil,27.0,25,66,37,46,39,41,35,52,6.5,8.0,22.0
18,female,13,Canada,58.0,10,64,40,42,54,37,51,46,7.5,6.0,15.0
21,female,16,Canada,61.0,12,54,28,34,35,34,36,49,9.5,11.0,19.5
18,female,13,Canada,55.5,11,53,21,38,57,50,24,35,10.0,9.5,25.0
18,female,13,Canada,49.0,13,40,11,57,48,43,42,38,8.5,8.0,16.0
18,male,13,Canada,53.0,8,49,14,23,41,23,52,38,13.0,14.0,18.5
19,female,14,Canada,45.5,8,44,32,22,47,39,49,35,11.0,9.0,28.0
18,female,13,Canada,31.0,17,68,43,51,40,36,43,46,5.5,9.0,21.5
18,male,13,Canada,53.5,22,78,44,38,46,42,35,46,14.0,11.0,29.5
19,female,14,Canada,58.0,14,67,40,46,55,48,34,42,10.5,6.5,20.5
18,female,13,Canada,40.0,8,49,25,39,48,53,39,41,6.5,8.0,10.5
22,female,16,Canada,37.0,10,38,22,32,47,43,38,29,9.5,11.0,20.5
18,female,13,Canada,40.0,21,94,46,47,53,48,50,45,8.5,7.5,24.5
18,female,13,Canada,8.0,12,42,26,46,43,54,41,47,11.0,6.5,14.5
18,male,13,Canada,66.0,24,86,45,33,40,40,33,56,10.0,7.5,29.5
19,male,14,Canada,66.0,7,59,41,44,36,42,34,42,13.0,8.5,28.5
18,male,13,Canada,66.0,8,48,41,21,43,22,54,40,12.5,10.0,16.0
21,male,16,Canada,59.5,15,67,46,31,50,57,28,45,9.0,9.5,23.5
18,male,13,Canada,56.0,22,76,42,35,46,32,42,47,12.0,10.5,27.5
18,male,13,Canada,64.5,13,42,30,44,43,39,38,42,15.0,11.5,17.5
20,female,15,Canada,63.0,17,47,34,42,46,29,56,42,8.5,7.5,22.0
19,female,14,Canada,64.5,47,112,49,45,41,46,37,48,16.5,11.5,43.5
18,male,13,Canada,66.0,43,104,44,44,38,53,32,54,10.5,10.0,26.0
18,male,13,Canada,66.0,43,98,45,44,41,58,42,52,11.5,10.0,24.5
18,female,13,Canada,66.0,38,87,42,30,55,53,38,41,11.0,11.5,30.0
18,female,13,Canada,60.5,35,79,37,37,48,44,37,47,7.5,8.5,21.0
18,female,13,Canada,52.0,47,116,42,44,58,40,28,60,9.5,9.0,20.5
29,female,23,Canada,59.5,46,107,55,56,48,52,26,54,10.5,10.0,26.5
20,female,14,Canada,63.5,40,97,38,55,53,32,34,56,11.5,10.5,27.5
20,female,15,Canada,57.0,41,102,42,50,52,35,52,56,9.0,7.5,23.0
23,female,17,Canada,66.0,38,88,41,42,51,32,58,49,12.5,11.0,29.0
20,female,15,Canada,45.5,34,85,45,42,39,48,42,51,11.5,7.0,18.5
22,female,17,Canada,42.5,35,85,37,36,44,29,29,43,11.0,11.5,19.0
20,male,14,Canada,53.0,42,86,38,39,42,40,30,51,10.0,12.0,21.0
19,female,14,Canada,61.0,41,100,48,41,51,43,46,52,10.5,12.5,27.5
19,male,13,Canada,8.0,43,98,45,40,34,33,34,42,9.0,10.0,26.5
18,male,13,Canada,51.5,38,105,53,37,57,35,21,58,13.0,9.5,29.0
22,male,17,Canada,63.0,41,103,56,58,42,42,23,56,10.5,11.5,17.5
19,female,14,Canada,31.0,42,107,44,48,57,41,42,56,11.5,8.0,27.0
25,female,17,Canada,66.0,20,62,43,36,53,53,48,47,9.5,7.0,12.5
22,male,16,Canada,60.5,7,44,28,37,49,45,31,35,13.5,11.0,19.5
18,male,12,Canada,54.0,41,89,33,39,55,37,23,42,8.0,8.0,23.0
18,female,12,Canada,63.5,45,99,40,46,42,47,57,47,11.5,11.0,30.5
26,male,19,Canada,32.0,36,87,38,35,48,43,29,49,19.5,9.0,35.5
20,female,15,Canada,60.5,19,71,42,27,44,51,34,43,10.0,9.0,24.0
26,male,20,Canada,37.0,11,27,23,38,39,38,32,43,11.0,9.0,17.5
29,female,20,Canada,58.0,40,111,60,43,53,45,50,56,10.5,9.5,20.0
25,female,19,Canada,46.0,11,33,18,31,40,48,39,48,8.5,7.5,28.0
24,female,19,Canada,56.0,39,102,47,44,53,56,35,53,9.0,7.5,25.0
23,female,17,Canada,41.5,11,65,44,53,45,53,34,53,8.0,8.0,18.0
22,female,16,Canada,41.5,47,103,45,39,49,44,30,46,11.0,9.0,33.0
23,female,17,Canada,59.5,42,87,44,31,56,45,45,53,11.0,7.0,33.5
22,male,15,Canada,59.5,43,103,46,44,45,33,47,48,14.5,9.0,30.5
27,female,21,Canada,52.0,43,101,46,35,53,44,33,57,11.5,10.0,27.5
21,female,15,Canada,57.0,43,97,45,45,55,54,24,56,7.0,8.0,19.5
21,male,15,Canada,61.0,46,110,50,33,42,32,26,53,12.5,10.0,37.0
26,female,20,Canada,27.0,7,58,46,31,49,51,43,43,9.5,9.0,27.0
20,female,14,Canada,61.5,7,35,24,30,51,50,40,32,8.0,8.5,27.0
20,male,14,Canada,61.0,14,45,19,42,43,44,40,38,12.0,9.5,34.5
24,female,18,Canada,53.0,11,70,47,41,58,49,27,53,11.0,9.0,27.0
23,male,17,Canada,59.0,46,113,52,59,52,52,33,59,10.0,10.5,24.5
23,male,17,Canada,63.5,13,48,29,37,33,30,43,57,12.5,10.0,18.0
25,male,20,Canada,59.5,44,105,44,31,56,51,30,43,13.5,10.0,27.0
23,male,17,Canada,66.0,36,61,33,37,27,48,22,51,12.0,9.5,31.0
25,female,18,Canada,66.0,41,97,43,45,54,32,46,53,13.5,10.5,27.0
23,female,17,Canada,49.5,41,89,44,35,49,49,36,42,11.0,8.5,31.5
25,male,19,Canada,37.0,11,52,31,37,43,47,37,48,9.0,8.5,21.5
20,female,15,Canada,58.5,18,60,28,40,37,49,30,47,7.5,9.5,24.5
18,female,12,Canada,66.0,14,58,38,51,54,36,29,55,8.5,7.0,19.0
21,female,15,Canada,66.0,38,88,52,28,56,52,43,55,8.0,14.0,29.5
28,female,21,Canada,8.0,12,56,38,25,50,21,44,46,7.0,6.5,19.0
24,male,18,Canada,52.0,42,98,52,37,43,41,34,50,11.5,10.0,30.0
20,male,14,Canada,41.5,45,103,44,31,48,58,19,43,16.5,11.5,35.5
19,male,14,Canada,51.0,42,101,46,43,47,49,23,46,11.5,10.5,33.0
24,male,18,Canada,53.0,11,70,47,46,49,48,24,57,10.5,8.0,25.0
24,female,16,Canada,43.0,7,50,33,40,42,42,43,51,6.5,6.0,18.0
22,male,17,Canada,55.0,13,72,36,46,46,39,26,38,5.5,8.5,19.0
21,male,15,Canada,37.5,7,47,38,49,43,26,30,52,9.5,9.0,16.5
20,male,15,Canada,66.0,7,57,37,48,55,24,35,58,8.5,8.5,23.5
19,male,12,Canada,52.0,19,46,18,41,46,47,31,41,6.5,10.0,20.0
20,male,14,Canada,66.0,15,60,37,30,41,51,29,47,10.0,9.0,21.5
22,female,17,Canada,53.0,35,83,49,39,46,29,53,60,7.0,6.5,26.5
18,female,13,Canada,58.0,16,88,46,43,51,49,27,42,11.0,10.5,21.5
18,female,13,Canada,66.0,34,88,36,48,40,38,36,50,6.0,5.5,28.5
20,female,15,Canada,42.0,11,48,25,29,47,44,43,37,9.0,6.5,19.5
23,female,17,Canada,42.0,45,113,45,45,59,26,60,57,9.5,7.0,19.5
21,female,18,Canada,59.5,17,58,27,29,48,39,47,41,9.0,8.0,10.5
27,male,21,Canada,8.0,13,45,39,51,49,50,23,59,13.0,8.0,16.5
20,male,15,Canada,63.5,34,92,41,43,37,49,31,39,10.5,8.5,32.5
18,female,13,Canada,60.5,22,76,38,38,45,38,46,41,9.5,10.0,28.0
18,female,13,Canada,58.0,42,111,51,41,46,38,38,55,9.5,7.0,29.5
19,female,15,Canada,24.0,31,96,46,35,53,43,52,58,10.0,7.0,31.5
19,male,15,Canada,47.0,35,73,32,27,35,30,25,39,14.5,15.0,23.5
24,female,14,Canada,43.0,37,92,44,38,40,40,48,49,8.0,12.0,27.0
20,male,15,Canada,57.0,18,61,42,47,52,24,47,59,4.5,11.5,16.0
20,male,15,Canada,63.0,14,50,18,37,37,34,32,41,8.5,6.5,19.5
30,male,21,Canada,50.5,40,89,26,24,37,24,42,39,11.0,12.5,23.5
26,male,20,Canada,41.5,23,80,50,37,37,38,38,33,10.5,4.0,31.5
29,male,20,Canada,55.5,9,56,30,28,51,33,20,42,10.5,10.0,16.0
24,female,16,Canada,55.5,14,50,28,28,56,52,44,49,8.0,6.5,20.0
19,male,15,Canada,43.0,10,51,34,36,46,35,42,40,11.5,8.0,31.0
18,male,13,Canada,53.0,36,81,37,52,36,52,23,54,12.0,7.0,22.0
25,female,13,Canada,32.0,17,74,46,40,55,44,35,53,12.5,8.5,22.0
20,female,16,Canada,43.5,32,68,30,40,58,48,28,43,8.5,10.0,19.0
20,female,15,Canada,52.0,10,53,35,28,42,43,45,40,11.0,9.5,27.0
18,male,13,Canada,59.5,20,50,21,26,48,32,51,38,15.0,7.5,30.5
21,female,17,Canada,30.0,9,49,18,39,55,55,32,47,7.5,6.5,20.0
19,female,14,Canada,62.0,32,79,41,29,38,42,49,43,8.0,7.0,21.5
18,female,13,Canada,38.0,39,105,57,44,51,51,31,56,5.0,8.0,21.5
21,male,15,Canada,42.0,7,56,34,39,39,51,26,31,8.5,8.0,17.5
19,male,14,Canada,53.0,32,99,45,52,41,42,29,45,10.0,10.0,21.5
18,male,13,Canada,52.0,17,60,21,48,45,50,29,45,8.5,7.5,16.5
19,female,14,Canada,47.0,38,92,38,52,52,51,22,57,5.0,5.5,11.0
23,female,18,Canada,62.0,40,82,54,44,47,47,38,47,13.0,9.0,15.5
20,female,14,Canada,49.5,33,74,28,50,51,41,28,29,8.0,7.0,19.5
28,female,18,Canada,55.5,40,107,49,43,49,41,43,60,10.5,9.5,29.5
26,female,18,Canada,56.0,37,69,23,42,48,38,15,39,15.5,11.5,30.5
20,male,14,Canada,42.5,42,101,45,32,50,33,26,51,9.0,6.0,27.5
19,female,15,Canada,57.0,34,94,48,31,42,45,44,52,12.0,5.5,22.5
18,male,13,Canada,8.0,22,67,32,51,51,44,23,45,11.5,8.0,23.0
21,male,17,Canada,36.5,16,70,33,54,35,52,21,45,9.5,9.5,24.0
18,male,13,Canada,55.5,8,62,35,43,27,33,48,42,10.0,9.0,21.0
18,male,13,Canada,48.0,20,52,19,29,33,32,49,39,14.5,7.5,31.0
19,male,17,Canada,66.0,17,60,27,45,36,35,22,38,6.5,11.5,18.0
24,male,21,Canada,66.0,27,70,39,51,48,44,17,44,8.5,8.0,28.0
19,female,14,Canada,35.0,17,79,36,36,46,26,46,50,9.0,7.5,17.0
18,male,13,Canada,55.0,19,83,43,36,37,38,36,36,9.5,5.5,27.0
20,male,15,Canada,58.5,31,75,40,36,33,36,35,34,6.0,7.0,17.0
18,female,13,Canada,27.0,15,60,19,37,52,49,30,40,13.0,9.0,25.0
18,male,13,Canada,33.0,14,56,35,43,40,40,40,55,8.5,9.5,18.0
18,male,14,Canada,63.0,41,99,47,49,45,52,23,53,11.0,9.0,19.5
21,female,16,Canada,58.5,43,104,44,57,59,56,20,48,10.5,10.5,31.5
18,female,13,Canada,53.5,10,46,30,33,46,36,33,37,7.5,9.0,19.0
19,female,14,Canada,58.0,42,97,40,41,42,35,37,45,11.5,8.0,36.0
18,female,15,Canada,55.5,7,38,33,43,36,33,32,35,8.0,9.0,15.5
20,female,16,Canada,58.0,34,83,39,41,53,30,36,48,10.5,11.0,24.0
19,female,15,Canada,66.0,7,39,19,41,37,51,42,44,14.0,9.5,23.0
18,female,14,Canada,66.0,39,103,46,46,57,30,27,48,9.5,7.5,26.0
22,male,17,Canada,26.5,12,64,26,38,43,55,27,52,13.0,8.5,24.5
18,female,13,Canada,52.0,47,103,49,56,41,34,34,56,6.0,9.0,24.5
18,male,13,Canada,53.0,42,87,31,48,40,48,22,42,9.5,9.0,28.0
18,female,15,Canada,57.0,22,67,32,45,47,41,38,49,8.5,8.5,29.5
18,female,15,Canada,42.0,42,106,50,46,51,50,35,51,10.0,8.0,35.0
19,male,15,Canada,44.0,27,70,42,41,49,50,34,53,15.0,7.0,23.5
18,male,14,Canada,32.0,38,90,37,47,55,53,26,56,12.0,12.5,31.0
19,male,15,Canada,60.5,26,64,28,29,42,40,41,39,11.5,6.5,17.5
18,female,14,Canada,57.0,41,92,43,34,36,41,28,41,10.0,11.0,30.0
18,male,15,Canada,59.5,12,49,26,27,43,31,33,40,12.0,8.0,24.0
18,male,15,Canada,59.5,34,99,44,47,31,53,50,56,7.5,9.0,20.0
19,male,15,Canada,63.0,19,77,36,46,36,34,36,40,8.0,8.5,20.0
19,female,14,Canada,50.5,42,95,45,38,56,23,44,52,10.5,11.5,29.0
18,female,14,Canada,26.0,8,53,46,42,43,45,48,44,8.0,7.5,23.0
21,female,18,Canada,53.0,43,110,52,43,51,39,45,54,12.5,11.0,31.0
20,male,15,Canada,55.5,7,53,47,46,52,54,22,57,10.0,7.0,26.0
21,male,16,Canada,61.0,45,108,49,47,32,27,54,57,13.5,10.5,33.0
20,female,16,Canada,56.0,7,36,23,21,40,34,55,28,7.5,5.5,14.0
18,female,14,Canada,60.5,42,98,38,33,56,37,54,46,13.5,8.0,17.5
20,female,17,Canada,57.0,21,68,32,47,51,53,41,46,10.0,8.0,22.0
18,female,15,Canada,52.5,40,103,40,40,50,38,38,38,12.5,11.5,30.0
21,female,18,Canada,63.0,18,78,43,47,51,54,23,45,13.5,8.0,21.5
21,male,18,Canada,63.5,47,112,51,52,50,51,37,52,14.0,7.0,28.5
19,female,13,Canada,62.0,21,73,39,33,48,38,37,56,8.0,12.5,26.0
20,male,16,Canada,56.5,44,114,51,36,54,35,22,58,11.0,12.0,38.5
18,male,15,Canada,60.5,25,65,24,33,52,41,30,24,13.0,10.0,19.0
18,male,15,Canada,66.0,45,104,52,52,43,46,22,52,13.0,11.0,29.0
20,male,17,Canada,31.0,11,51,31,28,42,33,25,40,9.5,7.5,23.5
21,male,17,Canada,42.5,41,103,47,41,47,31,57,43,12.0,9.5,38.0
18,female,14,Canada,48.0,25,60,41,17,46,24,44,51,8.5,9.5,27.5
19,male,16,Canada,63.0,39,85,42,42,43,36,38,38,12.5,8.0,24.5
18,female,15,Canada,56.0,19,73,36,36,46,45,34,42,15.0,11.0,26.0
20,male,18,Canada,45.5,22,59,29,36,39,31,39,38,10.5,6.0,19.0
25,female,17,Germany,51.0,44,100,47,47,48,39,40,54,8.5,8.5,40.0
22,male,17,Germany,38.5,43,103,46,45,44,43,42,46,9.0,7.5,21.5
22,female,17,Germany,49.5,36,99,46,46,54,55,32,55,10.5,7.5,25.5
23,female,16,Germany,38.0,37,100,39,59,53,44,28,55,8.0,9.0,17.5
23,male,16,Germany,63.0,32,75,33,42,39,35,41,37,10.5,11.0,22.0
25,male,18,Germany,58.0,46,106,48,38,43,41,20,43,8.5,9.5,25.5
20,male,15,Germany,58.0,44,102,50,38,47,45,29,50,9.5,9.5,28.5
21,male,15,Germany,49.0,48,101,44,40,42,46,31,55,9.0,9.0,23.5
24,male,18,Germany,66.0,39,104,53,57,41,52,22,58,9.0,10.5,22.0
24,male,14,Germany,56.5,43,99,54,52,58,40,16,57,7.0,11.5,26.5
23,female,18,Germany,48.5,44,94,28,44,35,27,45,46,9.5,10.0,28.0
22,female,16,Germany,50.5,39,102,45,38,44,41,35,47,9.0,9.0,29.5
25,male,15,Germany,34.0,32,88,51,40,53,37,25,51,9.5,6.5,27.0
26,female,18,Germany,46.0,45,103,42,41,53,34,45,53,7.5,9.5,22.0
27,female,18,Germany,27.0,43,110,39,56,29,30,35,55,10.0,9.5,24.0
20,female,13,Germany,54.0,36,100,41,50,52,57,34,40,7.5,11.5,23.0
21,male,14,Germany,62.0,41,95,44,38,52,34,29,52,8.5,9.5,29.0
20,female,13,Germany,52.0,36,95,44,54,34,56,46,46,8.5,7.0,25.0
24,male,16,Germany,55.0,44,109,55,45,51,42,27,52,8.5,8.0,28.0
24,female,17,Germany,52.0,42,103,49,51,53,39,43,57,9.0,8.0,26.0
21,female,15,Germany,50.5,41,91,41,33,54,55,32,54,7.5,10.0,28.0
26,female,17,Germany,43.0,9,55,39,51,41,39,33,45,8.0,8.0,18.5
20,female,14,Germany,45.0,9,46,32,50,47,29,32,50,10.0,7.0,20.0
21,male,13,Germany,40.0,14,43,17,59,51,48,22,31,7.5,6.0,18.0
25,female,17,Germany,40.5,13,50,22,33,49,41,41,46,8.0,8.0,25.0
22,male,16,Germany,37.0,14,62,31,42,50,33,31,46,9.5,8.5,20.5
23,male,17,Germany,35.5,7,45,22,28,50,51,18,51,13.5,13.5,24.0
23,female,16,Germany,58.0,10,55,35,38,50,42,33,50,13.0,8.0,20.0
24,male,16,Germany,63.0,16,60,24,41,48,36,20,43,8.0,10.5,41.0
23,male,16,Germany,58.0,21,75,39,57,44,23,23,59,11.0,8.0,19.0
26,male,18,Germany,66.0,13,41,23,37,37,45,46,43,7.5,8.0,19.0
24,male,17,Germany,8.0,7,39,24,36,24,53,31,27,9.0,7.5,19.0
23,male,15,Germany,58.0,16,58,36,39,44,25,41,44,9.0,5.0,22.5
20,male,14,Germany,63.0,7,39,11,43,53,55,35,35,9.0,8.0,13.5
24,female,17,Germany,26.0,20,93,48,39,50,28,22,43,8.0,7.0,29.0
26,female,18,Germany,63.0,8,47,19,35,46,29,37,34,11.0,10.0,22.0
22,female,16,Germany,50.0,7,36,18,30,38,28,48,37,11.0,9.5,19.5
23,male,17,Germany,41.0,7,37,33,47,55,34,30,48,10.0,8.0,11.5
21,female,15,Germany,57.0,13,72,40,48,53,42,45,45,9.0,8.0,16.0
25,female,17,Germany,13.0,16,45,26,36,46,53,47,51,11.0,10.5,19.5
21,female,14,Germany,62.0,7,44,30,48,39,52,42,26,4.5,5.5,13.5
24,female,16,Germany,33.0,8,34,16,31,49,47,34,28,7.5,9.5,19.5
21,female,15,Germany,58.0,42,96,42,48,43,43,35,53,10.0,9.5,23.0
30,male,25,Germany,8.0,44,115,50,50,44,52,33,60,9.0,8.0,32.0
18,male,12,Germany,55.0,38,86,44,32,49,39,28,50,8.0,10.5,23.0
18,female,13,Germany,53.0,43,111,57,39,52,38,31,58,9.5,8.0,30.0
29,female,23,Germany,58.5,43,100,41,43,46,48,29,50,8.5,10.0,26.0
25,female,20,Germany,60.5,48,105,56,33,46,49,43,43,11.0,9.0,33.5
28,male,22,Germany,66.0,43,98,37,47,48,45,25,48,7.5,6.5,23.0
21,female,16,Germany,66.0,42,102,49,44,54,53,27,56,12.0,12.5,26.5
18,female,12,Germany,51.5,30,67,33,41,53,27,16,58,8.0,9.0,28.0
18,female,13,Germany,66.0,38,96,38,43,41,40,55,51,14.0,11.5,27.0
25,female,19,Germany,59.5,41,98,39,47,48,43,31,51,9.0,8.5,41.0
26,male,21,Germany,62.0,41,94,55,32,40,41,36,50,9.0,12.5,30.5
27,female,21,Germany,34.0,45,103,57,35,53,37,35,51,11.0,11.5,22.0
26,male,20,Germany,53.0,41,102,53,55,48,37,30,54,12.5,8.0,24.5
29,male,23,Germany,63.0,44,102,36,52,48,51,23,53,9.5,9.5,34.0
28,female,19,Germany,55.5,45,103,49,51,50,38,31,58,8.5,8.0,27.0
29,female,22,Germany,59.5,40,107,46,41,56,57,23,51,14.5,10.5,40.0
28,male,21,Germany,34.5,40,89,39,50,42,38,23,48,10.0,9.0,16.0
27,male,20,Germany,53.0,44,110,57,52,52,44,19,53,13.5,11.5,26.0
23,female,17,Germany,41.0,44,103,45,33,52,44,30,47,8.0,8.0,31.0
26,male,20,Germany,46.0,47,102,38,26,48,26,41,53,9.0,7.5,33.0
23,female,17,Germany,48.5,42,100,45,51,50,42,20,53,8.5,10.5,20.0
20,female,13,Germany,25.0,7,35,36,42,38,23,39,40,10.0,11.5,7.5
27,female,19,Germany,55.5,18,62,26,25,51,27,36,50,12.5,11.0,30.5
28,male,19,Germany,40.5,17,65,36,36,47,47,28,35,10.5,8.0,30.5
29,female,23,Germany,64.5,13,56,20,36,39,52,42,33,9.0,6.0,21.5
28,female,21,Germany,46.0,10,48,31,35,56,37,50,59,14.5,8.5,21.5
25,female,20,Germany,8.0,10,56,30,38,47,51,33,43,11.5,12.0,18.0
23,female,18,Germany,8.0,14,64,23,33,42,28,50,51,9.5,8.0,22.5
21,female,16,Germany,50.0,19,64,43,43,46,47,43,38,9.0,6.5,19.0
27,male,21,Germany,43.5,12,61,33,52,41,43,27,48,11.0,11.0,21.5
28,male,23,Germany,62.0,7,30,15,35,51,49,22,48,10.0,8.5,24.5
24,female,18,Germany,26.5,18,67,44,27,49,43,49,57,10.5,7.5,16.0
19,male,13,Germany,53.0,8,43,16,45,37,29,38,28,8.5,6.5,20.0
29,male,24,Germany,58.0,28,76,27,50,48,23,43,47,11.5,9.5,16.5
19,female,13,Germany,60.5,16,52,28,45,48,42,36,48,10.5,9.0,21.5
25,male,19,Germany,55.5,26,77,36,52,48,50,32,42,9.5,7.5,18.5
18,female,12,Germany,63.5,29,102,52,39,33,32,31,42,8.0,9.0,25.0
20,male,13,Germany,37.0,7,42,31,34,51,41,38,44,10.0,1.5,13.5
26,female,21,Germany,45.0,18,80,40,55,54,30,39,52,9.5,9.5,20.5
23,female,17,Germany,53.5,15,53,29,33,48,40,51,54,9.0,10.0,24.0
25,male,19,Germany,58.0,8,39,17,33,43,47,25,36,8.0,9.5,17.5
26,male,20,Germany,51.0,20,66,43,51,53,48,13,49,7.0,8.5,13.5
19,female,13,Germany,50.5,15,63,23,40,57,35,43,51,9.5,7.5,19.0
22,female,15,Spain,58.0,38,98,45,47,47,30,46,55,15.0,8.0,26.5
22,female,16,Spain,66.0,9,49,41,40,50,35,43,54,9.0,8.5,21.0
18,female,11,Spain,8.0,43,99,34,56,54,23,45,52,10.0,10.0,31.5
18,female,12,Spain,48.0,15,60,38,36,46,39,44,51,7.0,9.0,19.5
18,female,11,Spain,8.0,43,113,59,48,54,43,49,59,9.0,10.0,20.0
18,female,12,Spain,58.0,10,60,37,50,41,28,41,46,9.0,10.5,24.0
21,female,12,Spain,64.5,41,104,51,49,55,38,39,60,13.0,9.5,17.5
21,female,12,Spain,48.0,31,70,35,34,45,40,41,36,7.5,8.5,19.0
20,female,11,Spain,58.0,41,100,50,50,49,47,24,49,10.0,8.5,31.0
19,female,12,Spain,54.5,9,35,16,40,46,34,31,39,11.0,10.0,18.0
28,female,21,Spain,23.0,46,117,54,50,57,55,24,50,11.5,10.5,28.0
27,female,21,Spain,42.0,24,64,33,53,57,37,28,56,10.0,8.5,26.0
19,female,12,Spain,48.5,42,98,50,54,49,45,27,55,10.0,7.5,31.0
19,female,12,Spain,55.0,8,38,25,48,41,54,36,46,8.5,9.5,17.5
27,female,19,Spain,58.5,42,114,56,47,50,47,32,56,15.0,11.5,33.0
26,female,20,Spain,60.5,11,51,24,45,55,44,37,44,10.5,8.0,18.0
19,female,13,Spain,35.0,36,97,43,40,48,36,30,55,10.5,8.5,27.0
21,female,15,Spain,24.0,21,58,33,34,46,42,35,42,10.5,12.0,18.5
21,female,14,Spain,52.0,38,87,34,49,52,34,34,56,10.0,7.5,26.5
21,female,15,Spain,13.0,9,44,39,43,43,26,38,42,11.5,8.0,17.5
20,female,15,Spain,43.0,43,117,59,48,56,27,51,54,8.5,6.5,28.0
21,female,14,Spain,45.5,7,40,25,34,55,39,36,43,10.0,6.5,30.5
20,female,14,Spain,51.0,39,105,47,43,30,46,49,56,12.0,8.5,31.5
21,female,15,Spain,23.0,8,49,35,42,51,43,31,37,11.5,11.0,22.0
30,male,12,Spain,66.0,43,116,56,41,51,33,42,58,11.5,9.0,30.0
29,male,12,Spain,36.5,22,70,47,44,34,39,34,40,11.5,9.0,21.0
21,male,12,Spain,58.0,37,95,52,39,51,33,17,51,13.5,9.5,30.0
22,male,12,Spain,8.0,8,66,39,46,47,48,30,46,13.5,12.5,22.5
21,male,14,Spain,37.5,42,85,38,39,54,56,25,47,7.0,12.5,26.5
21,male,15,Spain,63.0,11,71,50,33,48,28,39,46,11.0,7.0,24.5
25,male,17,Spain,22.0,39,112,58,47,48,41,32,50,12.0,10.5,32.5
24,male,18,Spain,47.0,9,32,25,34,49,32,20,43,11.5,10.0,28.5
22,male,15,Spain,53.0,42,97,50,50,39,44,30,52,8.0,10.5,32.0
22,male,16,Spain,42.5,14,73,54,47,54,35,24,52,11.0,8.5,21.0
30,male,20,Spain,63.0,47,99,53,38,39,50,41,54,9.0,11.5,36.5
29,male,21,Spain,53.0,12,68,45,40,48,57,32,42,9.0,8.5,18.0
30,male,17,Spain,33.0,44,112,47,36,49,46,51,56,11.5,12.0,31.0
30,male,16,Spain,53.0,7,60,48,44,45,39,21,52,8.0,8.0,19.0
25,male,18,Spain,42.5,44,116,51,46,35,31,36,53,10.5,12.0,39.5
24,male,17,Spain,54.5,19,77,48,42,38,30,47,56,9.5,8.0,19.5
18,female,12,Spain,56.5,8,51,28,46,44,27,40,37,7.5,9.0,26.5
23,female,17,Spain,8.0,37,79,39,32,53,50,35,52,8.0,9.5,19.5
23,female,18,Spain,16.5,39,96,45,44,52,45,45,52,12.5,12.0,27.5
22,male,17,Spain,8.0,42,103,46,53,57,42,36,49,9.0,8.5,31.0
27,female,16,Spain,21.0,44,110,43,37,56,60,24,60,12.0,11.5,27.5
21,male,16,Spain,63.0,41,104,42,41,48,39,40,60,9.0,8.5,25.0
18,female,13,Spain,58.0,41,105,48,48,38,38,43,56,10.5,9.5,31.0
22,male,16,Spain,57.0,42,91,35,50,48,57,25,49,10.5,10.5,32.5
23,male,18,Spain,58.5,44,103,46,35,55,42,25,57,12.0,8.5,42.0
21,female,15,Spain,24.0,39,88,56,44,51,47,35,54,7.0,6.5,31.0
20,female,15,Spain,50.5,31,81,39,42,44,28,47,46,7.5,8.0,32.0
21,female,15,Spain,63.5,43,117,57,56,60,56,29,60,7.0,8.5,18.5
25,male,17,Spain,44.0,40,101,44,52,54,46,25,54,12.0,10.0,23.0
19,male,14,Spain,53.0,42,104,40,45,53,39,17,48,12.0,7.5,24.5
24,male,18,Spain,8.0,38,98,49,44,47,50,31,56,10.0,6.5,27.0
28,male,18,Spain,44.0,40,99,44,50,56,33,21,59,9.5,8.5,28.0
21,female,15,Spain,66.0,22,72,34,42,54,47,48,52,12.5,6.5,26.5
18,female,13,Spain,56.5,32,72,45,37,42,34,38,47,8.0,7.5,27.0
26,female,17,Spain,63.0,45,110,45,53,56,59,28,53,12.0,6.0,32.0
19,male,13,Spain,63.0,44,101,38,38,50,55,48,60,15.5,6.0,37.0
23,male,16,Spain,58.0,42,95,52,50,44,39,32,56,10.0,9.0,32.0
22,female,17,Spain,19.0,45,101,47,41,39,49,38,50,10.5,10.5,23.0
20,female,15,Spain,52.0,7,32,20,52,54,52,36,35,7.0,7.5,21.0
23,female,17,Spain,54.0,9,50,36,39,38,33,42,53,7.5,8.5,15.0
22,male,15,Spain,58.0,7,62,40,50,50,43,26,47,13.0,10.0,27.5
21,female,16,Spain,38.0,7,51,43,40,55,46,14,57,9.0,9.0,29.0
23,male,15,Spain,61.0,7,42,28,43,47,43,37,47,9.0,9.0,22.5
23,male,17,Spain,61.0,14,61,33,49,55,44,22,45,9.0,6.5,22.5
26,male,17,Spain,62.0,7,39,27,37,45,48,42,49,8.0,7.0,21.0
23,female,17,Spain,55.5,11,56,39,40,45,44,34,41,9.5,11.0,21.5
24,male,17,Spain,41.5,9,44,38,39,41,18,41,49,9.0,8.0,24.0
23,male,15,Spain,25.0,8,62,41,33,45,33,42,41,14.0,10.5,20.5
22,female,15,Spain,29.5,32,89,48,40,56,27,40,58,10.0,8.5,22.5
22,female,17,Spain,36.5,32,84,32,40,50,45,44,55,10.5,9.5,25.5
22,male,16,Spain,38.0,15,74,33,42,47,42,21,41,7.0,8.0,13.5
21,female,16,Spain,32.5,9,40,29,28,55,31,52,43,11.0,10.0,16.5
26,female,17,Spain,51.0,13,55,40,40,35,36,38,54,9.5,4.0,26.5
28,male,18,Spain,13.0,10,30,30,36,39,38,38,53,10.0,8.5,18.0
18,female,12,Spain,24.0,10,37,23,42,53,56,33,41,12.0,8.5,18.0
19,male,14,Spain,28.0,11,31,25,27,30,44,50,33,11.5,11.0,21.5
26,female,16,Spain,63.0,11,57,32,42,52,44,38,47,6.5,7.5,10.5
18,female,13,Spain,40.5,11,46,37,30,49,28,42,44,9.5,6.0,24.5
18,male,13,Spain,63.0,14,63,26,45,45,45,24,43,10.0,7.0,20.5
22,female,17,Spain,9.5,10,47,36,26,45,38,48,42,8.0,7.5,24.5
30,female,16,Spain,8.0,10,41,30,35,22,40,50,24,9.5,7.0,20.5
22,female,17,Spain,59.5,22,81,32,46,48,53,35,55,11.5,7.5,28.0
23,female,17,Spain,27.0,16,73,48,41,49,46,33,54,11.5,9.5,29.0
22,female,17,Spain,32.0,7,43,37,48,59,56,19,57,11.5,10.0,15.5
22,female,16,Spain,34.5,23,85,49,40,42,40,49,58,11.0,8.0,24.5
23,female,17,Spain,43.5,17,48,20,41,52,44,38,43,8.0,7.0,25.0
21,male,16,Spain,60.5,38,84,36,49,49,37,23,41,9.5,12.5,18.5
26,female,17,Finland,56.0,45,103,44,27,52,46,37,39,8.5,8.0,26.5
22,female,15,Finland,56.0,42,112,49,43,52,44,45,59,13.0,9.0,43.0
30,male,19,Finland,66.0,45,112,61,45,49,37,24,54,11.0,9.0,27.5
28,male,18,Finland,56.0,49,121,45,40,46,45,19,54,10.5,13.5,34.0
22,male,15,Finland,61.0,48,121,53,46,52,43,37,54,7.5,7.5,29.5
28,female,18,Finland,54.5,44,107,62,50,50,28,46,55,9.0,12.0,30.0
21,female,15,Finland,58.5,45,113,55,42,60,50,28,57,9.0,12.5,29.5
24,female,18,Finland,63.5,44,106,44,36,55,48,31,60,9.0,13.5,24.5
20,male,14,Finland,61.0,43,103,57,54,58,37,41,60,8.5,10.0,22.0
24,male,18,Finland,56.0,47,122,56,42,58,60,24,56,10.5,13.0,25.5
29,male,20,Finland,45.5,47,118,60,36,54,36,32,54,8.5,11.5,23.5
25,male,17,Finland,66.0,38,88,32,37,47,43,36,43,8.0,9.0,21.5
24,female,17,Finland,63.0,45,112,52,43,56,46,44,55,6.5,8.5,22.5
22,male,14,Finland,66.0,37,100,33,42,58,44,28,49,7.5,9.5,24.5
21,female,14,Finland,36.0,42,107,51,33,47,39,39,58,8.5,8.5,11.5
24,female,18,Finland,56.0,49,124,55,48,55,57,27,60,10.0,13.0,30.5
25,male,17,Finland,61.0,46,101,48,30,46,34,42,55,7.5,8.0,24.5
26,female,20,Finland,58.5,48,115,56,53,54,46,39,57,10.0,9.5,39.5
29,female,19,Finland,61.0,45,121,55,55,51,51,31,55,8.5,9.0,23.5
26,female,18,Finland,56.0,44,116,53,36,52,37,33,46,8.5,5.5,21.0
30,male,18,Finland,58.5,43,98,51,29,49,40,32,47,9.5,11.0,29.5
28,male,18,Finland,56.0,14,44,17,48,49,28,26,49,8.5,9.0,26.5
27,female,18,Finland,36.0,10,53,22,49,47,36,41,57,9.5,9.0,20.5
21,female,15,Finland,57.0,7,45,23,51,33,46,36,54,6.5,7.0,19.5
23,male,15,Finland,31.0,12,55,22,36,42,28,40,49,6.0,7.0,17.5
21,female,15,Finland,51.0,7,40,37,23,59,44,34,57,8.5,10.0,12.0
21,female,13,Finland,55.0,10,57,41,36,46,30,44,46,7.5,8.5,19.0
29,male,21,Finland,63.5,16,62,37,37,46,34,29,54,7.0,9.5,29.5
30,male,19,Finland,8.0,7,35,29,36,46,33,44,46,12.5,11.5,30.0
27,female,19,Finland,56.5,8,46,39,38,54,37,39,52,8.5,9.5,15.5
26,male,18,Finland,66.0,9,40,22,46,50,39,15,39,8.0,11.0,20.0
24,female,17,Finland,58.5,10,42,26,32,49,52,38,47,8.5,8.5,18.5
26,male,17,Finland,56.0,8,44,45,33,44,47,25,47,11.5,10.0,25.0
23,female,17,Finland,60.5,14,42,33,43,39,41,32,46,8.0,10.5,25.0
26,female,17,Finland,62.0,7,26,19,47,54,59,33,39,8.0,9.5,19.5
25,female,17,Finland,11.0,10,36,21,40,49,48,27,41,9.5,10.5,22.0
20,male,13,Finland,29.0,17,73,35,32,39,25,33,38,9.5,10.0,28.5
23,male,15,Finland,63.5,7,55,43,41,43,42,38,52,11.0,8.5,23.0
25,male,17,Finland,42.0,7,33,24,42,48,34,40,48,11.5,8.0,24.5
29,female,18,Finland,44.0,12,63,36,31,47,38,47,53,9.0,9.0,28.0
27,female,17,Finland,51.5,8,28,12,31,41,54,30,42,12.0,11.0,13.5
29,male,17,Finland,56.5,9,68,47,45,39,45,25,43,12.0,10.0,13.5
30,female,21,Finland,37.0,49,115,52,42,51,60,47,56,7.0,5.0,29.5
28,female,22,Finland,59.5,45,115,53,47,37,36,53,56,10.5,10.5,36.5
25,male,15,Finland,51.5,40,96,32,41,35,35,37,53,11.0,9.0,30.5
26,female,17,France,54.0,43,104,43,58,49,57,49,52,10.0,7.0,32.5
20,female,16,France,62.0,46,106,43,43,51,19,25,52,12.5,12.0,32.5
22,female,17,France,51.5,37,89,47,38,44,48,25,51,13.0,10.0,35.0
20,female,14,France,48.0,39,85,46,30,55,59,56,57,9.0,8.5,22.0
23,male,17,France,44.0,41,79,26,43,46,44,25,51,10.5,13.0,27.0
23,female,17,France,37.0,8,60,31,38,51,44,40,58,10.5,8.0,16.5
18,male,13,France,53.0,39,97,42,23,50,43,57,57,10.5,9.0,23.5
20,female,15,France,61.0,40,92,42,31,42,42,36,48,13.0,9.5,36.5
25,female,17,France,26.0,13,55,22,40,39,58,38,44,13.0,8.0,19.0
22,female,17,France,61.0,49,105,49,53,51,50,32,48,9.5,9.0,35.0
28,male,17,France,63.0,44,99,51,38,46,43,39,54,8.5,9.5,32.5
26,female,20,France,56.0,41,90,44,48,50,42,22,48,8.5,7.0,20.5
25,female,17,France,66.0,42,111,58,53,57,45,37,59,10.0,7.5,29.5
20,female,15,France,66.0,43,82,37,30,54,52,42,57,9.0,7.5,28.0
25,male,14,France,48.5,42,107,41,40,50,50,20,43,18.5,12.5,42.5
30,male,17,France,66.0,41,89,55,49,40,33,41,45,10.5,9.0,20.0
20,female,14,France,46.5,7,56,31,55,47,33,28,47,9.0,10.5,21.5
21,male,16,France,55.5,39,87,40,35,40,37,24,49,10.5,7.5,25.0
20,female,13,France,58.5,9,45,26,39,49,53,42,45,10.5,8.0,28.0
27,female,17,France,50.5,17,61,45,39,53,52,36,50,9.0,7.0,19.5
27,female,20,France,20.0,37,84,40,49,51,35,45,40,12.5,12.0,21.5
24,female,18,France,28.5,14,25,22,34,46,28,56,52,7.5,8.5,21.5
23,female,16,France,36.0,15,59,41,45,41,46,51,48,9.5,8.5,22.5
28,female,19,France,61.0,8,42,36,43,46,46,37,37,11.5,10.5,24.0
21,male,15,France,66.0,40,99,43,39,47,45,23,49,13.0,9.0,34.0
25,female,19,France,66.0,7,61,48,41,45,53,41,40,12.0,8.0,25.5
22,male,17,France,45.0,40,98,54,51,48,39,50,54,12.5,5.5,22.5
23,female,18,France,66.0,37,87,36,27,45,54,32,33,9.5,11.5,17.0
24,male,17,France,8.0,8,50,37,36,42,51,25,51,8.5,10.0,20.0
21,female,16,France,39.5,10,46,31,44,31,49,59,60,8.5,8.0,26.0
29,male,20,France,54.0,34,88,37,39,41,30,27,44,8.0,9.0,26.5
30,male,14,France,30.5,44,115,45,38,52,39,23,50,12.0,11.0,25.5
23,male,18,France,66.0,10,64,35,50,50,55,29,29,10.5,11.0,22.5
30,male,15,France,31.5,9,45,20,27,44,34,32,37,9.0,7.0,20.5
24,male,15,France,28.0,10,69,41,23,44,40,44,34,7.5,9.0,25.5
21,male,16,France,37.0,7,48,31,46,41,52,24,42,10.0,10.5,31.5
30,male,17,France,39.0,11,66,42,44,49,47,36,54,9.5,9.0,33.0
29,male,17,France,30.0,7,45,41,39,40,38,51,53,10.0,9.0,23.5
21,female,15,France,42.0,24,84,49,47,52,37,46,52,12.5,11.5,28.0
22,male,17,France,64.5,45,109,52,44,43,36,39,54,7.0,8.5,23.5
24,female,19,France,56.0,42,102,49,49,33,44,37,49,13.0,9.5,27.5
22,female,17,France,59.5,44,109,44,40,43,54,30,51,12.5,8.5,29.5
29,male,18,France,57.0,41,101,53,46,45,55,33,59,13.5,7.0,38.5
21,female,16,France,41.5,7,65,49,31,49,41,45,57,8.5,7.5,18.5
20,female,15,France,42.5,45,103,53,57,51,57,40,50,12.5,10.0,28.5
21,female,16,France,28.5,10,49,26,36,39,31,40,32,11.5,11.0,21.0
25,female,19,France,20.0,8,36,14,36,48,55,40,54,6.5,8.5,19.0
19,male,14,France,66.0,47,108,54,48,41,42,35,49,13.5,10.5,31.0
21,male,16,France,37.5,11,56,33,43,56,30,21,32,11.0,8.5,26.5
20,female,15,France,48.0,38,88,49,44,52,46,29,49,11.5,13.0,29.5
20,male,15,France,34.5,42,86,51,39,42,39,34,53,6.5,8.0,29.0
19,male,14,France,32.5,44,108,56,36,47,42,37,50,8.0,8.5,29.0
18,female,13,France,56.0,44,107,49,56,41,45,39,42,13.0,10.0,34.0
28,male,16,France,59.5,19,40,33,34,42,21,48,43,13.0,12.5,26.0
19,male,14,France,53.0,23,60,30,35,42,27,30,48,9.0,10.5,23.5
18,female,13,France,63.5,36,102,59,35,53,45,37,56,10.5,8.5,31.0
18,male,13,France,56.0,45,103,51,38,37,45,16,55,9.0,9.0,24.5
24,female,18,France,48.5,7,44,32,45,51,48,26,58,9.0,10.0,27.5
20,female,15,France,39.5,7,34,21,45,44,58,50,30,10.0,9.5,26.0
20,female,15,France,46.5,43,113,58,45,47,44,45,56,8.0,8.5,23.5
21,female,16,France,20.0,13,46,13,38,46,53,48,59,9.0,8.0,25.5
19,male,14,France,66.0,7,41,24,38,37,35,35,49,8.5,6.0,16.0
19,male,14,France,40.0,25,91,43,43,43,37,29,56,7.0,10.0,18.5
18,female,13,France,33.5,11,70,40,50,41,39,53,58,8.0,6.0,29.5
20,male,15,France,51.0,45,105,46,26,45,42,54,50,10.0,9.5,28.5
19,female,14,France,56.0,46,110,59,32,51,46,35,56,9.5,10.0,35.5
19,female,14,France,28.5,8,46,28,55,51,39,41,53,7.0,6.0,27.0
18,female,13,France,28.5,13,63,29,37,52,27,53,47,8.5,8.0,27.5
30,male,16,France,31.0,45,97,49,39,47,52,44,47,9.0,9.5,18.5
24,female,17,France,24.0,7,30,24,38,48,48,34,36,9.0,7.0,11.5
21,female,15,France,45.0,20,70,37,30,54,41,38,50,10.5,8.5,23.0
23,female,18,France,42.5,42,114,53,45,54,59,21,57,10.0,10.5,31.0
18,male,13,France,42.5,13,68,40,30,50,31,51,46,10.0,7.0,21.5
22,female,17,France,53.0,42,98,49,23,47,35,50,52,8.5,7.5,29.5
22,male,17,France,60.5,43,100,52,44,32,50,31,46,9.5,8.5,27.5
29,male,19,France,62.0,11,58,40,32,42,49,29,48,8.0,8.5,28.5
20,male,15,France,61.5,41,91,34,45,34,45,32,44,11.0,11.5,24.5
23,male,17,France,58.0,7,40,24,40,45,37,20,47,10.5,5.5,17.0
25,female,18,France,55.5,45,105,51,39,58,53,15,60,13.0,7.0,32.5
21,male,16,France,34.0,7,59,43,28,40,31,51,50,10.5,12.5,21.5
20,male,15,France,50.0,9,56,42,40,41,48,26,49,9.5,11.0,30.5
25,female,20,France,47.5,42,91,33,41,50,44,38,59,8.5,7.5,25.0
20,female,15,France,35.0,40,94,51,40,52,56,45,55,8.5,9.5,26.5
27,male,16,France,66.0,14,80,57,30,43,42,44,56,11.0,12.0,43.5
26,male,16,France,44.5,40,106,53,41,52,41,28,55,11.5,5.0,26.0
20,female,14,France,38.5,8,47,19,51,43,25,46,47,10.5,9.0,15.5
22,female,17,France,30.5,45,105,49,39,46,32,24,45,9.0,10.0,28.0
21,female,15,France,46.5,7,45,39,36,52,34,53,47,11.5,10.5,19.5
18,male,13,France,66.0,41,103,44,35,49,40,52,45,9.5,7.5,28.5
20,female,15,France,29.0,8,51,18,37,44,43,38,40,6.5,7.0,20.0
18,male,13,France,66.0,47,102,50,39,46,52,16,52,13.0,11.0,32.0
21,male,16,France,28.0,7,50,37,28,44,35,26,45,10.0,8.0,24.0
22,female,15,France,56.5,47,111,60,39,54,37,40,56,10.0,7.0,25.0
22,female,15,France,26.0,11,40,25,40,49,37,42,27,10.5,7.5,14.5
21,female,15,France,25.5,8,47,25,30,42,27,47,34,7.0,6.5,22.0
19,female,14,France,61.0,45,109,56,52,52,48,44,47,6.5,4.5,28.0
22,female,15,France,59.0,11,61,42,40,39,37,40,49,10.5,11.0,25.5
19,female,14,France,63.5,39,92,39,36,44,49,33,41,10.5,8.5,33.0
19,male,14,France,66.0,17,80,40,43,49,49,23,54,17.0,9.5,32.5
21,female,16,France,61.0,8,55,33,49,35,37,52,39,14.0,10.0,23.5
19,male,14,France,66.0,16,82,44,32,45,39,38,48,13.0,10.0,33.0
26,female,17,France,30.0,10,70,46,58,52,54,45,52,8.0,10.0,21.5
24,female,17,France,53.5,8,63,45,49,52,53,49,47,11.5,7.5,18.0
27,female,17,France,8.0,9,46,36,41,47,45,42,49,9.0,8.5,24.0
22,female,16,France,32.0,7,41,39,49,48,52,43,55,9.5,7.5,23.5
27,female,16,France,53.0,45,112,47,37,41,50,41,59,12.0,10.5,41.5
23,female,16,France,34.5,12,62,29,33,43,50,40,47,10.0,11.5,24.0
22,male,16,France,61.0,35,83,53,30,42,48,49,51,12.0,12.0,37.0
21,male,16,France,48.0,41,95,48,30,49,39,54,58,12.0,8.5,27.0
24,male,19,France,34.0,8,40,21,36,57,47,25,44,13.0,10.0,27.0
22,female,16,France,49.0,40,94,44,54,51,28,44,53,7.5,8.5,22.5
29,female,17,France,8.0,13,30,12,16,32,31,59,20,9.0,8.0,19.0
20,male,15,France,31.5,14,53,14,42,42,38,35,47,10.5,8.0,22.0
23,male,17,France,61.0,41,90,44,35,42,38,30,50,10.0,8.5,30.0
22,female,17,France,47.0,45,98,54,46,52,51,27,53,10.0,7.0,34.5
21,male,15,France,29.0,7,44,16,32,46,42,32,36,13.0,9.0,33.5
19,female,15,France,66.0,45,113,50,48,47,35,42,55,12.5,9.0,36.5
23,male,17,France,46.5,40,106,52,54,40,42,54,47,9.0,6.5,23.5
20,female,15,France,47.0,42,84,47,41,34,46,45,44,8.5,7.0,36.0
26,male,15,France,23.0,45,98,39,43,53,36,21,55,12.5,9.0,33.5
21,male,16,France,31.0,9,63,44,35,51,26,28,44,7.5,9.5,18.5
21,female,15,France,66.0,46,102,45,45,55,48,42,56,11.0,10.0,32.5
23,female,15,France,36.5,33,76,43,52,58,34,38,54,8.5,8.0,11.5
21,female,14,France,66.0,44,95,35,54,40,48,47,57,11.5,12.0,26.5
28,male,14,France,38.0,41,111,48,38,44,22,55,57,8.0,6.5,21.5
29,female,16,France,58.0,41,81,43,27,48,39,47,54,13.5,10.0,23.0
24,female,18,France,35.0,47,113,53,38,56,50,29,55,8.5,8.0,26.0
24,female,18,France,48.0,9,45,27,48,41,56,45,47,11.0,10.0,24.0
23,male,17,France,63.5,44,110,45,43,51,31,25,58,12.0,10.5,42.0
30,female,17,France,66.0,45,106,55,37,52,40,40,50,10.5,10.5,30.0
27,male,19,France,63.0,7,42,23,45,45,32,42,49,8.5,7.5,36.0
27,male,16,France,56.0,41,104,42,42,44,45,38,49,11.0,8.0,37.0
24,male,19,France,61.0,48,116,55,50,51,38,37,56,8.0,6.5,30.0
24,female,17,France,51.5,7,39,26,32,49,50,38,43,10.0,9.5,29.5
23,male,17,France,50.0,11,78,53,37,46,33,30,54,7.0,9.0,26.5
24,female,16,France,37.5,8,29,28,29,49,38,54,56,8.0,9.0,17.5
30,female,15,France,55.5,12,65,30,39,37,38,25,54,8.5,7.5,19.5
21,female,15,France,41.0,7,49,37,43,48,52,29,35,8.0,9.0,21.0
21,female,15,France,33.0,9,39,25,40,50,30,45,53,8.5,10.0,18.5
21,female,15,France,57.0,11,49,30,35,34,41,38,41,8.5,9.0,20.5
22,male,17,France,48.5,10,51,40,41,45,38,28,48,9.0,9.0,22.5
22,male,17,France,30.0,9,58,29,51,44,50,29,47,10.0,7.5,19.5
25,male,14,France,66.0,9,49,46,39,38,24,38,49,15.5,11.0,24.5
20,female,14,France,51.0,7,64,37,44,51,43,48,49,7.0,7.5,17.5
27,male,13,France,56.0,7,52,40,38,53,45,30,50,11.5,11.0,27.5
26,male,14,France,17.0,7,38,24,35,44,50,31,41,10.5,6.0,29.0
29,male,17,France,55.5,45,106,47,40,46,28,23,42,12.5,10.0,43.0
21,male,15,France,66.0,43,99,48,45,47,37,33,46,11.5,10.5,34.5
23,male,14,France,47.0,7,43,20,41,35,29,31,57,8.5,11.0,16.5
22,male,14,France,66.0,45,107,53,38,35,38,36,55,9.0,7.5,31.0
23,female,17,Italy,66.0,46,110,52,47,49,48,34,54,11.5,7.5,39.5
28,female,21,Italy,56.5,44,116,55,41,57,53,33,57,12.0,12.0,33.0
21,male,16,Italy,63.5,44,105,55,46,49,41,27,59,10.5,10.5,31.5
23,male,16,Italy,8.0,44,108,48,46,45,45,30,51,7.5,7.0,14.5
20,female,14,Italy,31.0,45,101,46,48,43,49,35,57,7.5,6.0,21.0
22,female,16,Italy,66.0,46,112,50,39,47,40,25,48,7.5,7.5,20.5
27,female,21,Italy,26.0,43,98,50,32,55,58,45,53,9.0,10.0,21.5
24,female,17,Italy,62.0,42,84,48,19,44,36,54,48,7.0,6.5,24.5
22,female,16,Italy,44.5,41,108,39,34,54,60,34,46,10.5,8.0,33.5
21,male,16,Italy,35.5,43,90,44,44,45,35,30,58,10.5,8.5,31.5
24,female,17,Italy,25.5,44,104,49,41,41,43,46,50,9.0,6.5,31.0
24,male,18,Italy,42.0,41,85,36,38,36,46,31,44,10.5,10.0,42.0
22,female,16,Italy,33.5,45,115,47,50,51,56,36,60,8.0,10.5,36.5
21,female,15,Italy,51.5,45,96,53,42,41,47,44,47,8.0,8.0,27.5
20,male,15,Italy,61.0,45,101,54,41,39,42,19,53,8.5,10.0,27.0
29,male,20,Italy,11.0,42,95,46,41,31,41,44,37,12.0,7.0,21.0
25,male,19,Italy,44.0,40,89,36,38,44,40,36,44,11.5,8.5,32.0
24,female,18,Italy,39.5,45,118,61,45,57,48,34,60,7.0,7.5,19.5
23,male,17,Italy,44.5,43,94,52,29,48,43,49,58,13.0,9.0,32.5
21,male,15,Italy,32.5,44,104,58,45,41,29,53,53,13.0,12.0,25.0
21,male,15,Italy,31.5,39,97,50,39,37,37,29,41,10.0,9.5,28.0
19,female,13,Italy,29.5,7,64,45,47,52,55,31,56,10.0,10.5,21.5
20,male,15,Italy,55.5,7,42,23,33,41,42,27,52,11.0,7.5,4.5
20,female,14,Italy,52.0,7,58,37,33,49,33,40,49,13.0,9.0,21.5
28,female,21,Italy,36.0,13,33,17,35,47,40,48,37,10.0,11.5,30.5
27,female,21,Italy,26.0,9,57,38,45,45,57,37,46,11.0,7.5,20.0
22,female,16,Italy,47.5,10,79,49,32,43,49,49,57,9.5,6.5,25.5
22,female,16,Italy,11.0,7,69,29,37,44,40,42,41,12.5,10.0,24.0
22,male,16,Italy,23.5,11,66,34,32,53,33,43,43,11.0,8.5,21.5
20,male,14,Italy,31.5,16,80,42,33,45,44,19,52,7.5,5.5,18.0
21,female,15,Italy,37.0,7,28,28,37,39,29,44,51,7.0,8.0,18.5
26,male,19,Italy,66.0,22,94,46,41,51,54,19,53,9.5,7.0,32.0
20,male,15,Italy,27.0,12,72,40,36,46,50,27,48,8.5,8.0,30.0
23,female,17,Italy,41.5,7,27,28,37,50,46,52,50,9.0,6.5,18.5
25,male,19,Italy,66.0,7,56,30,34,53,49,27,40,9.5,9.5,18.0
24,male,18,Italy,54.0,21,100,59,53,45,35,26,60,12.5,8.5,30.5
28,male,19,Italy,46.5,16,83,57,35,40,40,41,55,11.5,6.0,21.0
24,female,18,Italy,36.0,24,80,44,34,58,50,36,52,13.0,9.5,25.0
23,female,17,Italy,51.5,18,62,33,35,49,46,39,42,9.0,7.0,16.0
24,female,18,Italy,21.0,8,64,45,36,51,44,31,55,11.0,8.0,21.5
23,male,18,Italy,44.5,39,84,35,44,42,47,25,46,8.5,11.5,35.0
23,female,16,Italy,33.0,30,71,44,27,47,33,43,47,8.5,6.0,22.0
24,female,18,Italy,50.5,42,104,52,39,34,36,28,53,9.0,7.5,19.0
24,male,16,Italy,22.0,7,54,38,29,45,31,50,30,8.5,6.5,26.0
24,male,17,Italy,39.5,41,90,47,30,45,40,29,42,8.5,6.0,29.0
22,female,16,Italy,46.0,36,74,45,31,44,22,33,48,8.5,5.0,21.0
22,male,16,Italy,42.0,43,92,44,36,41,41,36,47,13.0,12.5,28.0
23,male,16,Italy,24.0,11,60,35,38,38,37,36,37,11.0,9.0,14.0
27,male,17,Italy,29.5,43,106,56,44,45,23,54,57,9.5,10.0,28.0
24,male,18,Italy,31.0,7,54,34,43,43,40,32,41,12.0,8.0,24.0
23,male,17,Italy,40.0,40,95,46,32,39,41,51,49,7.5,10.5,23.0
21,female,15,Italy,63.5,11,73,45,42,44,32,54,56,10.5,8.5,30.0
20,female,13,Italy,8.0,33,61,30,39,40,26,37,50,8.0,9.0,17.0
19,female,13,Italy,18.5,9,64,35,35,53,29,40,58,8.0,8.0,23.0
21,female,14,Italy,8.0,41,96,51,39,41,44,45,52,10.0,12.0,30.0
26,male,19,Italy,42.0,8,45,31,36,41,46,33,45,10.0,9.0,28.5
22,female,15,Italy,51.5,44,111,55,47,44,39,43,56,11.0,10.5,21.0
24,female,17,Italy,17.5,8,39,16,37,46,40,50,54,11.0,8.5,19.0
24,female,18,Italy,49.0,39,93,46,46,28,33,54,50,14.0,12.5,35.0
26,male,17,Italy,66.0,22,61,21,36,38,41,41,50,10.5,6.5,29.0
27,male,16,Italy,29.5,41,101,49,36,50,50,34,54,11.5,9.0,35.0
29,male,17,Italy,59.5,16,50,25,28,36,54,53,43,9.0,8.0,22.0
24,female,16,Italy,40.0,43,118,57,48,37,50,42,51,8.5,7.5,36.0
24,female,18,Italy,52.0,12,66,31,34,47,53,40,41,9.5,8.5,22.0
23,female,16,Italy,38.5,43,106,48,38,58,48,35,52,13.0,10.0,31.0
27,male,17,Italy,44.5,10,47,20,29,42,47,29,37,13.0,10.0,29.5
29,male,18,Italy,8.0,48,122,57,40,55,41,32,54,13.0,9.0,35.0
21,male,15,Italy,34.0,7,55,49,47,39,52,44,54,8.5,4.5,25.0
27,male,18,Italy,51.5,40,102,51,35,56,52,23,46,8.5,7.5,22.0
22,female,15,Italy,46.0,17,61,29,37,47,35,56,56,10.0,8.0,30.0
24,male,18,Italy,58.5,46,113,52,39,41,38,43,52,9.5,11.5,27.0
22,female,16,Italy,16.0,7,58,45,30,34,35,50,37,5.0,6.5,19.0
28,male,16,Italy,53.5,46,120,57,45,40,41,38,54,7.5,7.5,30.0
23,female,17,Italy,29.0,24,84,51,42,45,29,45,58,13.5,9.0,22.0
27,male,19,Italy,22.0,45,114,53,48,37,33,40,52,8.0,9.5,23.0
29,male,17,Italy,31.0,22,69,46,44,49,46,22,56,10.0,9.0,27.0
22,female,15,Italy,43.5,41,110,54,57,55,46,31,56,11.5,7.5,38.0
23,male,17,Italy,61.0,8,69,47,29,45,40,26,45,10.5,8.0,22.0
22,female,17,Italy,50.0,44,109,50,30,46,31,41,50,12.0,7.0,34.0
26,male,17,Italy,35.5,13,64,36,32,37,42,40,49,8.5,7.0,23.0
21,female,15,Italy,44.5,43,113,48,48,44,27,17,51,9.0,9.5,31.0
22,female,17,Italy,61.0,7,44,30,46,42,42,39,49,12.5,6.0,25.0
20,female,14,Italy,35.5,43,99,47,30,50,42,42,49,8.0,9.0,22.0
19,female,13,Italy,37.0,19,71,53,30,43,28,55,55,11.0,9.0,21.0
30,male,21,Italy,24.5,44,104,45,30,42,34,39,53,14.0,13.0,45.5
22,female,16,Italy,29.0,43,98,53,40,48,50,37,55,8.5,5.5,21.0
21,female,15,Italy,50.0,44,102,57,40,49,43,48,54,8.5,3.5,27.0
22,female,16,Italy,54.0,43,93,45,27,40,44,57,57,8.5,8.5,30.5
20,male,14,Italy,53.5,43,89,37,50,35,40,42,50,10.5,8.0,34.5
24,female,16,Italy,61.0,42,89,44,37,52,51,34,45,9.0,6.0,26.5
23,female,16,Italy,34.5,14,60,45,38,52,55,32,45,7.0,9.0,21.5
23,female,17,Italy,37.0,11,64,38,35,55,53,30,44,9.5,8.5,23.5
21,female,14,Italy,46.0,7,68,45,44,48,48,21,50,9.5,9.0,22.0
21,male,14,Italy,66.0,7,50,32,33,37,31,32,47,10.0,8.5,20.5
23,female,16,Italy,37.0,7,66,31,43,41,48,46,52,8.5,8.5,19.5
22,male,16,Italy,61.0,39,101,47,44,38,37,55,51,7.0,8.5,24.0
21,male,15,Italy,58.5,37,84,34,16,39,43,57,52,10.0,11.5,27.0
25,female,17,Italy,61.0,45,106,49,39,50,50,52,50,9.0,10.5,22.0
26,male,18,Italy,61.5,41,100,45,37,49,42,55,55,10.0,9.0,31.0
22,female,16,Italy,37.0,40,89,41,40,34,30,54,44,6.5,6.0,19.5
24,female,17,Italy,47.0,14,52,43,45,46,40,35,59,10.0,6.5,19.0
24,female,17,Italy,38.0,42,104,50,54,46,59,57,58,10.0,8.0,27.5
23,female,17,Italy,27.5,35,83,44,39,46,43,46,45,9.5,5.0,20.5
22,male,16,Italy,44.5,43,96,39,37,45,41,49,52,7.5,9.5,23.5
20,male,14,Italy,38.5,46,120,59,53,34,42,53,60,7.0,7.0,33.5
22,female,16,Italy,63.5,38,90,44,41,47,35,43,55,14.0,5.0,47.0
20,male,13,Italy,41.0,39,96,49,34,47,34,40,51,6.5,9.5,19.0
20,male,14,Italy,40.0,9,45,26,38,45,39,25,32,11.0,7.0,12.5
23,male,17,Italy,21.0,42,109,49,42,44,33,45,58,10.5,9.0,35.5
28,male,15,Italy,61.0,41,111,50,50,53,34,36,54,14.0,9.5,25.0
24,female,17,Italy,37.0,7,54,23,35,52,42,52,43,9.5,9.5,28.5
23,male,17,Italy,34.0,20,84,48,34,34,30,36,59,12.5,5.0,23.0
23,female,17,Italy,66.0,13,70,48,53,44,45,39,55,11.0,9.0,16.5
21,female,15,Italy,55.5,28,86,45,25,39,24,60,54,11.0,10.0,21.5
21,female,14,Italy,21.0,7,41,24,30,53,43,25,45,12.0,7.5,26.5
29,male,16,Italy,21.0,11,31,25,43,33,34,45,44,8.5,8.0,17.0
23,male,15,Italy,56.0,7,42,21,39,38,37,28,50,6.0,8.5,24.0
21,male,15,Italy,37.0,7,43,39,37,47,50,36,49,9.5,8.5,22.5
23,female,17,Italy,8.0,18,56,19,34,46,48,46,40,11.0,9.5,18.0
20,female,14,Italy,39.5,17,56,36,46,41,43,57,30,10.0,7.5,15.5
22,female,16,Italy,50.5,43,102,43,35,52,45,42,54,8.5,9.5,31.0
19,female,13,Italy,56.5,41,93,48,52,43,41,42,54,7.5,6.5,31.0
30,male,21,Italy,33.0,7,46,32,30,27,49,36,40,11.0,7.0,14.0
23,male,16,Italy,31.0,7,77,50,47,58,52,37,55,14.0,11.0,20.0
20,male,14,Italy,29.0,17,62,41,35,43,24,58,50,8.0,7.5,22.0
26,male,19,Italy,37.0,17,63,33,42,39,55,33,36,12.5,9.5,23.0
26,male,20,Netherlands,61.0,47,99,42,30,47,48,26,49,9.5,11.5,37.0
24,male,20,Netherlands,53.0,44,113,60,54,42,47,20,60,5.5,8.0,19.0
24,male,16,Netherlands,32.0,38,108,57,41,44,45,31,54,13.5,27.5,17.5
22,female,18,Netherlands,38.0,43,101,37,41,46,52,27,46,11.0,10.5,20.5
21,female,18,Netherlands,56.5,45,116,57,56,55,49,21,57,9.5,7.0,25.0
27,male,20,Netherlands,61.0,39,94,33,28,50,29,44,56,10.5,10.0,28.0
26,female,21,Netherlands,60.5,42,97,43,34,48,45,26,48,9.5,11.0,29.0
20,female,16,Netherlands,66.0,39,98,53,44,52,51,29,43,12.0,10.0,33.0
25,male,21,Netherlands,37.5,45,113,58,45,49,45,31,50,6.5,9.0,25.5
22,male,18,Netherlands,33.0,43,89,39,38,45,49,41,59,8.5,7.0,27.0
20,male,14,Netherlands,66.0,31,98,58,56,50,46,22,55,10.0,10.0,35.5
23,female,19,Netherlands,35.0,41,108,47,43,50,40,42,54,6.0,8.5,21.0
25,male,20,Netherlands,44.5,45,111,49,46,47,49,30,52,8.5,8.0,23.0
19,female,14,Netherlands,53.5,32,98,36,46,58,55,25,54,10.0,7.0,21.5
21,female,17,Netherlands,63.0,42,94,39,48,48,33,46,51,8.0,9.5,16.0
26,male,20,Netherlands,45.5,38,96,42,44,47,34,28,51,14.0,9.5,38.0
23,male,18,Netherlands,45.5,44,107,56,37,46,42,31,58,11.5,9.0,36.5
23,female,18,Netherlands,37.5,44,103,49,43,50,45,37,52,11.0,8.5,31.5
24,female,17,Netherlands,38.0,37,99,49,47,49,40,45,56,9.0,9.0,27.0
22,female,17,Netherlands,35.0,38,95,44,49,47,49,32,47,8.0,8.5,26.0
21,female,17,Netherlands,43.0,39,102,50,43,54,36,38,53,10.0,7.5,22.5
27,male,21,Netherlands,8.0,8,58,39,48,58,50,15,58,9.5,8.5,16.0
23,male,17,Netherlands,53.0,18,67,44,38,44,42,30,52,7.5,8.5,21.5
22,male,17,Netherlands,44.0,7,40,32,38,47,32,26,37,8.0,7.0,20.0
19,female,15,Netherlands,26.0,11,31,20,38,42,43,27,44,8.5,9.5,19.0
24,male,20,Netherlands,13.0,9,68,40,46,52,44,27,54,7.5,9.5,20.0
25,male,19,Netherlands,53.5,13,62,24,47,53,48,30,44,8.0,7.0,15.5
20,male,15,Netherlands,20.5,7,45,23,40,40,52,31,40,9.5,9.0,21.0
21,female,15,Netherlands,38.5,15,61,36,49,49,30,21,46,9.5,8.5,30.0
23,female,19,Netherlands,38.0,14,77,32,43,47,38,39,49,12.0,7.5,23.5
26,female,18,Netherlands,18.5,7,31,18,34,48,54,37,36,8.0,10.5,21.0
23,female,19,Netherlands,50.0,15,29,19,39,53,51,29,40,7.5,8.0,17.5
23,female,19,Netherlands,56.0,7,62,35,43,51,41,33,42,8.5,11.0,12.0
25,female,21,Netherlands,29.0,8,54,23,46,37,25,46,49,10.5,10.5,21.5
20,female,16,Netherlands,59.5,16,46,20,30,42,40,38,43,10.5,8.5,24.5
22,male,18,Netherlands,27.0,22,66,19,51,51,50,26,38,9.5,9.5,27.0
24,male,20,Netherlands,55.0,12,44,25,52,54,44,15,39,10.5,9.5,28.5
22,female,18,Netherlands,58.0,14,34,25,39,48,47,27,37,7.5,10.0,24.0
25,male,20,Netherlands,62.0,7,31,18,43,45,37,13,35,13.0,11.0,20.5
25,male,21,Netherlands,27.5,21,66,39,34,28,21,38,49,8.0,10.0,19.5
22,female,17,Netherlands,56.5,10,36,19,47,43,27,38,32,9.0,8.5,12.5
22,female,17,Netherlands,53.0,7,41,16,47,48,50,43,41,10.5,9.5,21.5
23,male,19,Netherlands,35.0,24,91,33,37,47,36,34,39,15.5,9.5,31.0
20,female,15,Netherlands,48.5,11,66,38,49,50,52,33,53,9.0,8.5,17.5
24,male,18,Netherlands,8.0,14,46,27,43,39,31,23,57,7.0,9.0,16.0
18,female,15,Netherlands,53.0,26,76,43,38,46,43,40,48,9.0,9.0,15.0
20,male,14,Netherlands,40.5,7,37,22,37,44,48,28,42,9.0,7.5,21.5
22,female,18,Netherlands,63.0,39,100,42,49,39,49,48,53,5.5,7.5,21.5
18,female,12,Netherlands,32.5,43,105,52,39,34,42,42,50,10.5,11.0,26.5
25,male,21,Netherlands,66.0,41,93,36,48,36,40,32,56,8.5,10.5,24.0
21,female,17,Netherlands,58.0,37,77,40,42,53,47,31,52,13.0,11.0,31.0
20,female,17,Netherlands,58.0,42,106,47,45,47,42,42,55,10.0,6.5,27.0
19,female,16,Netherlands,33.0,30,80,37,29,50,46,43,46,12.5,10.5,33.5
20,female,16,Netherlands,63.5,38,102,39,49,59,51,24,46,10.0,8.0,30.5
20,female,14,Netherlands,41.5,32,78,33,40,55,45,25,49,10.0,9.5,26.5
19,female,15,Netherlands,58.5,37,76,35,49,54,45,32,49,11.5,7.5,26.0
22,male,18,Netherlands,66.0,37,84,37,30,53,55,22,47,11.5,10.0,26.5
25,female,17,Netherlands,56.0,42,103,35,30,41,27,47,48,11.5,12.0,31.0
19,female,15,Netherlands,58.0,31,51,26,41,50,37,28,46,8.5,9.0,15.5
19,female,15,Netherlands,62.0,35,89,43,45,49,37,34,48,9.5,8.5,28.0
22,female,19,Netherlands,52.0,38,102,38,24,55,43,33,51,12.0,8.5,42.0
20,female,16,Netherlands,61.0,40,100,43,49,53,38,17,51,13.0,8.5,36.5
22,female,18,Netherlands,61.0,13,54,30,40,45,46,38,34,8.0,9.0,23.5
24,female,18,Netherlands,53.0,11,52,28,36,51,37,48,59,7.5,9.0,23.0
18,female,14,Netherlands,49.0,12,72,42,31,54,39,49,60,8.0,10.0,27.0
20,female,16,Netherlands,30.0,7,43,24,37,51,46,43,36,7.5,9.5,16.0
23,male,17,Netherlands,66.0,12,75,41,49,52,45,31,50,6.0,7.5,17.0
21,female,17,Netherlands,51.5,7,55,14,50,46,46,24,29,8.0,7.0,26.0
19,female,14,Netherlands,66.0,7,43,28,48,48,35,31,55,9.0,9.0,23.0
20,female,15,Netherlands,53.5,22,62,29,47,50,50,28,44,10.0,9.0,22.5
18,female,14,Netherlands,37.5,13,54,23,38,48,55,39,46,11.0,8.5,17.5
20,female,16,Netherlands,63.5,11,53,21,34,57,49,42,38,10.0,12.0,26.0
18,female,15,Netherlands,63.5,17,56,19,47,50,37,29,38,8.0,6.5,18.5
22,female,18,Netherlands,63.5,25,88,48,41,50,41,46,35,9.0,8.5,21.5
21,male,17,Netherlands,64.5,41,111,40,37,48,55,46,58,11.0,11.0,28.5
25,female,16,Netherlands,66.0,29,73,35,49,57,51,33,48,10.0,9.0,19.5
19,female,11,Netherlands,51.5,43,109,55,41,49,44,39,48,9.5,8.0,28.0
20,female,16,Netherlands,46.0,33,73,42,38,46,42,32,43,7.5,8.5,17.5
21,female,16,Netherlands,51.5,13,79,42,42,46,41,35,43,8.0,8.5,18.5
20,female,15,Netherlands,8.0,39,106,47,44,46,39,27,57,6.5,8.0,21.5
20,female,15,Netherlands,8.0,7,45,22,31,41,45,51,42,11.5,7.0,18.0
24,male,18,Netherlands,48.0,35,81,37,31,46,34,28,39,10.0,10.0,23.5
27,male,17,Netherlands,26.0,7,38,28,36,41,32,44,51,7.5,8.5,22.5
23,male,18,Netherlands,66.0,45,110,40,50,46,38,29,53,9.0,7.5,24.0
23,female,17,Netherlands,46.5,8,50,31,49,43,51,26,49,9.0,7.0,11.0
21,female,14,Netherlands,49.5,26,69,39,49,59,42,28,49,12.5,12.0,23.0
21,female,15,Netherlands,58.0,7,22,16,33,55,54,21,32,13.5,11.0,30.5
18,male,14,Netherlands,44.0,33,87,36,52,49,45,15,43,8.0,6.5,19.5
19,male,14,Netherlands,62.0,15,54,41,40,38,48,40,47,12.0,9.5,28.0
20,female,16,Netherlands,38.0,31,86,41,48,50,49,52,55,10.0,8.0,19.0
20,female,16,Netherlands,53.5,13,50,37,52,47,25,45,29,9.5,8.5,24.5
21,female,16,Netherlands,45.0,38,102,54,50,41,40,45,47,6.5,10.0,32.0
21,female,16,Netherlands,66.0,26,65,34,43,53,48,30,31,13.0,8.5,28.5
20,female,15,Netherlands,37.5,38,94,44,34,55,40,37,54,8.5,9.5,29.0
20,female,15,Netherlands,43.5,11,45,20,42,47,46,35,34,9.0,10.0,21.5
23,female,16,Netherlands,54.5,9,51,34,39,48,48,31,42,8.0,5.5,17.5
28,female,17,Netherlands,43.0,10,66,49,59,45,48,25,58,10.5,8.5,21.0
22,female,15,Netherlands,58.5,19,60,28,41,53,45,22,44,9.5,7.0,24.5
19,female,14,Netherlands,59.5,20,67,29,38,47,48,29,49,10.0,7.0,31.5
19,female,14,Netherlands,55.5,21,65,35,45,43,42,35,43,8.0,6.5,14.0
18,female,14,Netherlands,53.0,7,54,33,46,55,40,46,42,11.0,8.0,20.5
20,female,15,Netherlands,66.0,26,78,56,43,52,42,39,54,9.5,7.5,15.5
20,female,15,Netherlands,56.0,10,59,51,46,48,43,39,46,9.5,7.0,19.0
21,female,15,Netherlands,46.5,8,45,23,29,49,44,30,36,7.0,8.5,28.5
21,male,13,Norway,53.5,45,110,56,42,53,42,18,52,10.0,11.0,26.5
25,female,17,Norway,66.0,39,96,40,39,49,48,32,40,15.0,10.0,30.5
26,male,15,Norway,52.0,43,104,51,47,44,37,29,57,8.0,9.0,16.0
24,male,16,Norway,48.0,41,92,38,42,46,51,25,47,9.0,10.5,30.5
23,female,17,Norway,42.5,46,99,43,31,52,55,37,41,8.5,10.5,31.5
26,male,18,Norway,48.0,42,108,50,40,49,46,34,52,14.0,11.0,43.5
23,female,17,Norway,27.0,35,91,46,38,49,48,46,55,8.0,11.0,32.5
23,male,15,Norway,48.0,43,107,48,41,57,25,13,48,14.0,4.0,21.0
24,female,17,Norway,66.0,48,121,54,35,52,36,45,56,16.5,13.0,47.0
28,female,18,Norway,36.0,44,112,47,38,41,46,52,60,8.5,7.0,27.5
24,male,15,Norway,22.5,44,113,56,37,50,38,36,58,7.0,6.5,23.0
21,female,15,Norway,46.0,42,93,27,42,48,54,29,48,7.0,11.0,24.5
20,female,14,Norway,55.5,42,108,40,38,52,41,25,37,9.5,10.5,25.0
20,male,15,Norway,58.0,36,105,59,41,54,31,55,58,9.5,10.0,26.5
20,female,14,Norway,66.0,44,111,49,48,45,39,38,56,7.5,6.5,22.5
24,male,16,Norway,58.0,39,92,48,33,34,29,45,49,8.0,9.0,30.5
22,female,16,Norway,58.0,29,82,40,43,43,36,18,43,7.0,9.5,31.0
25,female,17,Norway,63.0,45,112,49,35,44,44,44,47,9.0,10.5,37.0
24,female,17,Norway,66.0,41,109,44,33,40,43,38,47,14.5,12.0,39.5
20,male,15,Norway,55.5,44,88,42,22,47,34,47,48,12.5,15.0,33.5
25,male,18,Norway,53.0,42,112,51,30,46,29,35,56,7.0,7.5,31.5
24,female,17,Norway,13.0,10,50,36,45,51,49,48,43,6.5,8.0,18.0
24,female,17,Norway,8.0,8,45,27,40,52,57,41,35,7.5,5.5,19.0
25,female,17,Norway,8.0,13,71,46,41,50,43,36,57,10.0,7.0,24.5
26,male,14,Norway,43.0,10,51,31,45,45,35,35,49,8.5,4.5,20.5
25,female,18,Norway,63.5,11,40,31,42,43,41,34,48,11.0,8.5,10.5
23,female,17,Norway,66.0,7,44,31,46,37,51,39,50,8.5,8.0,20.0
22,male,16,Norway,55.5,7,35,27,27,44,37,25,28,9.5,7.0,12.5
22,female,16,Norway,57.0,9,35,28,43,53,32,45,47,8.5,11.5,17.0
25,male,15,Norway,63.0,13,52,37,32,46,19,38,40,9.0,9.5,19.5
21,female,15,Norway,42.0,13,59,41,47,43,46,48,51,7.0,6.0,29.5
24,male,15,Norway,61.0,19,67,35,49,37,49,26,48,8.5,8.0,19.5
25,male,17,Norway,60.5,12,50,21,33,41,33,38,60,9.0,7.5,17.5
24,female,16,Norway,30.0,19,45,19,28,43,43,38,42,12.5,7.5,33.0
28,female,19,Norway,53.0,16,50,30,44,54,51,45,46,6.5,9.0,27.5
19,female,14,Norway,37.0,15,59,32,39,52,41,31,42,6.5,5.5,7.5
24,male,15,Norway,48.0,9,45,23,36,47,32,31,29,7.5,7.0,18.5
25,male,17,Norway,66.0,9,47,30,22,43,49,29,40,8.5,5.5,13.0
20,male,14,Norway,41.0,17,69,25,59,33,33,27,37,7.5,8.0,9.5
23,female,17,Norway,56.5,19,78,45,38,54,48,48,55,7.5,8.0,18.5
20,male,13,Norway,59.5,12,46,30,44,54,49,24,43,12.0,8.0,18.5
19,male,14,Norway,42.5,8,60,41,41,40,40,25,30,8.5,8.0,15.5
20,female,14,Portugal,24.0,39,90,45,33,43,50,43,49,9.5,7.5,22.5
21,female,14,Portugal,55.5,45,115,53,48,51,42,54,56,13.5,7.5,37.0
21,male,15,Portugal,58.5,44,97,43,22,41,26,36,45,8.0,7.0,30.5
19,female,14,Portugal,60.5,45,103,47,26,41,44,41,43,11.0,12.0,47.0
23,male,15,Portugal,66.0,42,88,37,34,49,53,40,54,10.0,9.0,23.5
20,male,13,Portugal,40.0,46,100,33,48,44,43,39,38,8.0,6.5,27.5
24,female,16,Portugal,63.5,45,111,51,40,43,49,33,47,11.5,10.0,30.0
25,male,16,Portugal,50.0,44,90,43,37,47,43,45,38,9.0,7.0,23.0
21,male,15,Portugal,48.0,44,106,44,37,40,40,32,60,10.0,9.0,28.0
23,male,17,Portugal,60.5,39,84,32,35,46,33,22,53,16.0,11.0,35.0
21,female,15,Portugal,52.5,42,85,38,27,45,44,42,49,9.5,9.0,27.0
20,female,14,Portugal,34.5,41,96,54,38,56,27,12,45,10.0,12.0,30.0
21,male,14,Portugal,37.5,39,96,52,33,42,33,30,49,7.0,8.0,27.0
25,female,17,Portugal,53.0,42,102,46,44,52,49,36,56,8.0,6.5,28.5
22,male,16,Portugal,42.0,40,94,46,39,51,56,23,46,14.0,9.0,30.5
25,female,17,Portugal,58.0,38,89,46,43,48,59,25,51,10.5,7.5,20.5
21,male,14,Portugal,60.5,42,93,32,44,49,25,12,49,11.0,8.0,27.0
20,female,12,Portugal,34.5,39,94,41,48,31,27,34,56,6.5,7.5,16.5
26,female,15,Portugal,58.0,42,105,49,32,40,41,47,56,15.5,11.5,36.0
23,female,17,Portugal,43.0,40,108,50,42,53,56,36,53,8.5,7.0,28.5
22,male,17,Portugal,42.5,36,87,51,42,46,37,36,52,9.0,8.5,27.5
20,female,14,Portugal,37.0,12,58,33,46,43,49,46,31,8.0,7.5,14.5
20,female,13,Portugal,24.0,22,64,30,48,40,42,41,50,10.0,9.5,21.0
22,female,16,Portugal,37.0,19,71,37,38,48,55,48,55,8.0,6.5,22.0
20,female,14,Portugal,20.5,8,51,43,39,45,51,37,44,6.0,6.0,9.0
21,female,15,Portugal,66.0,13,53,17,32,36,33,48,42,10.5,9.0,24.0
21,female,15,Portugal,8.0,7,66,47,32,28,26,52,42,8.5,7.0,22.0
24,male,18,Portugal,51.0,21,64,27,36,45,45,35,52,10.0,13.5,27.0
23,male,16,Portugal,52.0,8,58,17,48,31,46,36,36,11.0,11.0,25.0
23,female,15,Portugal,22.0,13,57,31,33,48,41,36,39,9.0,7.0,16.5
20,male,14,Portugal,22.0,7,29,16,30,35,30,28,47,10.5,11.0,24.5
26,female,17,Portugal,32.0,15,75,41,44,53,44,30,45,11.0,7.5,30.0
26,female,17,Portugal,66.0,14,48,37,52,48,29,37,58,7.0,6.0,18.0
21,male,14,Portugal,44.5,7,65,59,55,38,42,41,57,11.0,10.0,18.0
25,male,16,Portugal,63.0,8,56,33,40,52,46,30,42,10.5,5.5,19.0
19,female,13,Portugal,35.5,13,69,44,46,47,54,33,56,10.5,7.5,18.5
20,male,13,Portugal,23.0,10,43,21,39,36,45,36,37,10.0,9.5,15.5
20,male,15,Portugal,56.5,11,67,34,30,31,41,41,44,10.5,8.0,18.5
25,female,15,Portugal,36.0,13,74,41,31,40,49,28,49,13.5,9.5,23.5
21,male,13,Portugal,48.0,9,51,28,24,38,33,32,31,8.5,9.0,22.0
23,male,16,Portugal,63.0,22,69,45,46,36,35,33,49,10.5,9.5,22.5
22,male,16,Portugal,36.0,7,44,25,41,35,31,36,39,14.0,8.5,20.0
20,female,14,Portugal,36.5,30,104,41,39,43,49,49,57,8.0,8.5,23.5
23,male,16,Portugal,64.5,27,78,34,37,59,44,30,39,10.0,5.5,21.0
20,male,16,UK,54.0,16,51,11,45,51,40,21,29,8.0,9.5,25.0
19,female,15,UK,64.5,30,70,28,49,47,44,28,32,9.5,8.5,15.0
20,male,15,UK,61.0,8,51,38,41,51,28,29,49,12.5,6.5,22.5
19,female,15,UK,52.0,12,58,41,43,37,42,44,45,13.0,11.0,18.5
20,female,16,UK,51.0,11,68,43,47,47,51,37,48,10.5,9.5,18.0
20,male,15,UK,40.5,38,94,46,36,36,40,34,39,11.0,7.5,23.0
19,female,15,UK,58.0,37,84,33,22,38,38,43,38,8.5,9.5,29.5
19,male,15,UK,66.0,34,89,44,31,50,46,27,42,11.0,10.5,12.5
20,male,15,UK,42.5,15,45,24,26,52,41,25,42,10.5,12.0,20.0
20,male,13,UK,53.0,41,105,61,42,47,39,41,54,12.5,8.5,31.0
21,male,15,UK,53.0,35,92,51,25,50,12,27,46,12.0,7.5,25.0
20,female,15,UK,50.0,7,40,24,38,35,29,48,41,7.5,4.5,13.5
21,male,17,UK,57.0,41,95,40,43,56,35,40,48,10.0,11.0,24.5
21,female,16,UK,46.0,12,73,53,44,51,33,48,53,12.5,7.0,17.5
21,female,17,UK,58.0,37,111,55,56,35,33,57,59,10.0,9.0,16.5
18,male,14,UK,60.5,39,90,42,39,50,35,28,37,14.5,13.5,23.5
22,male,17,UK,66.0,8,71,57,42,52,41,32,59,9.0,10.0,14.0
21,female,17,UK,44.0,39,100,47,59,43,36,42,53,9.0,10.5,16.5
19,male,14,UK,21.5,7,39,25,42,48,46,24,35,10.5,7.0,23.0
21,male,18,UK,55.5,45,121,47,51,55,56,40,60,13.0,8.0,33.0
21,male,17,UK,53.0,11,50,24,27,52,30,34,44,11.5,10.5,24.0
20,male,17,UK,58.5,33,96,38,49,54,49,20,49,15.0,9.0,29.0
21,male,15,UK,66.0,7,56,53,32,47,23,44,36,11.0,8.5,15.5
20,female,17,UK,59.0,46,123,59,43,45,31,43,60,9.0,10.0,28.0
21,male,16,UK,58.0,7,42,21,48,41,48,28,43,9.5,4.5,19.0
20,female,15,UK,46.0,41,96,38,44,50,43,30,51,10.5,9.0,24.5
19,male,15,UK,38.5,15,61,29,33,44,34,46,43,15.0,11.5,20.5
18,female,16,UK,58.5,41,104,48,35,38,38,49,51,8.0,6.0,24.0
19,female,13,UK,58.0,16,42,26,24,24,24,41,48,14.5,9.0,36.0
21,male,14,UK,63.0,45,98,46,56,55,51,18,52,10.5,8.0,32.5
20,female,15,UK,22.0,45,102,47,55,44,57,46,53,8.0,11.0,21.0
19,female,16,UK,64.5,28,81,37,40,46,45,44,47,8.0,8.0,29.5
19,female,14,UK,55.5,37,111,51,31,43,31,49,56,12.5,10.5,27.5
19,female,15,UK,8.0,19,78,39,43,46,48,28,47,7.0,4.5,14.5
19,female,12,UK,8.0,41,114,57,44,58,40,27,59,7.5,4.5,22.5
19,female,15,UK,66.0,23,79,41,43,42,33,43,48,8.0,7.5,16.5
19,male,14,UK,61.0,42,101,53,43,39,41,35,50,8.5,10.0,27.0
20,male,15,UK,43.5,18,42,17,26,25,26,56,39,14.0,11.0,22.0
19,female,15,UK,58.0,11,71,32,48,56,37,32,52,11.0,6.0,19.5
19,female,16,UK,66.0,10,71,45,49,28,32,44,42,11.5,8.0,22.0
23,male,16,UK,66.0,26,70,29,31,42,25,22,42,13.0,8.5,26.0
26,male,20,UK,19.0,33,82,39,35,47,52,35,48,10.5,10.0,19.0
21,female,17,UK,58.5,42,112,55,41,53,49,39,52,13.0,6.0,30.5
19,female,15,UK,58.0,43,111,56,55,53,38,50,57,14.5,10.0,29.5
22,female,17,UK,17.0,41,104,47,45,47,44,49,58,11.5,8.5,33.5
19,female,15,UK,63.0,38,105,45,43,48,50,35,58,11.5,8.0,30.0
22,female,16,UK,50.5,42,101,49,51,39,39,47,56,7.5,11.5,26.5
22,male,18,UK,56.0,41,106,35,57,44,54,14,27,10.0,7.0,24.0
20,female,16,UK,66.0,32,90,37,45,52,45,30,43,10.5,9.0,28.0
21,female,17,UK,37.0,42,116,57,44,49,32,53,52,12.0,9.0,31.5
18,female,14,UK,63.5,39,104,43,41,51,40,25,47,9.0,8.0,25.5
21,female,15,UK,60.5,41,107,47,40,51,46,47,56,7.5,2.0,22.5
19,female,15,UK,52.0,39,92,47,33,50,36,43,54,10.5,7.0,29.5
19,female,14,UK,61.0,44,105,53,50,46,48,37,46,12.5,8.5,31.0
20,female,14,UK,48.0,33,86,38,33,55,42,35,43,14.0,7.5,35.5
28,female,17,UK,51.5,38,98,47,48,50,41,18,47,8.5,7.0,19.5
19,female,14,UK,66.0,40,104,47,43,49,57,49,58,12.0,5.0,30.5
18,male,15,UK,66.0,37,94,43,36,41,50,24,49,9.5,9.0,25.0
21,female,17,UK,56.0,43,95,42,40,54,55,30,46,9.0,10.0,23.0
25,female,19,UK,66.0,41,107,45,45,54,44,36,54,7.0,7.0,29.0
18,female,15,UK,63.0,38,90,45,27,55,40,35,37,11.5,8.5,27.5
22,female,17,UK,63.5,39,89,37,36,60,53,14,51,11.0,8.5,26.0
22,male,18,UK,38.0,40,102,43,41,43,43,29,53,8.5,8.0,18.5
18,male,13,UK,61.0,41,101,54,44,50,47,39,49,12.5,9.0,28.0
28,female,17,UK,58.5,17,50,31,42,56,40,25,51,11.5,12.5,26.5
22,female,17,UK,52.0,9,49,28,42,48,50,38,39,12.5,8.0,18.0
23,male,18,UK,66.0,22,64,37,38,47,24,16,51,8.5,7.5,18.5
19,female,14,UK,61.0,26,67,39,42,45,24,37,58,10.0,6.5,24.0
21,female,17,UK,43.5,10,55,42,36,48,34,33,44,13.5,9.5,16.0
19,male,14,UK,61.0,20,74,33,32,50,36,20,43,13.0,7.5,23.5
25,female,18,UK,59.5,7,68,42,38,43,33,48,57,13.0,10.0,22.5
21,female,17,UK,27.0,11,44,28,34,44,36,45,34,10.0,8.5,16.0
20,female,16,UK,63.0,24,66,30,30,42,44,39,54,11.5,10.0,24.5
21,female,15,UK,50.5,13,97,57,51,54,40,40,59,10.5,7.5,18.5
21,male,17,UK,66.0,7,48,32,45,39,37,33,40,13.5,8.5,25.5
18,female,14,UK,51.5,9,49,30,47,27,35,42,41,10.0,7.0,25.5
19,male,15,UK,50.5,8,43,32,42,42,31,31,45,8.0,7.5,23.0
23,female,18,UK,66.0,7,47,25,29,54,45,32,51,8.0,8.0,24.0
21,female,16,UK,43.0,9,51,31,28,36,39,47,44,9.5,9.5,20.5
19,female,14,UK,32.5,8,75,51,55,52,52,22,54,9.5,8.0,22.0
20,female,16,UK,38.0,17,53,34,31,44,39,34,40,11.5,12.0,16.5
20,female,16,UK,47.0,13,47,36,37,47,42,41,55,7.0,7.0,27.5
21,female,17,UK,55.5,8,47,22,39,46,34,47,42,8.0,9.0,20.5
19,female,15,UK,58.0,11,62,33,46,48,41,37,34,10.0,10.5,21.0
22,female,18,UK,48.0,9,47,37,27,38,37,40,51,11.0,9.0,19.0
19,female,14,UK,59.5,23,43,24,29,39,51,51,27,10.0,9.0,29.0
24,male,16,UK,58.0,40,99,50,31,32,37,45,47,12.5,11.0,30.5
21,female,16,UK,63.0,43,98,40,25,48,46,44,38,11.0,8.5,24.0
22,male,15,UK,49.5,41,102,51,33,34,35,35,45,14.5,11.5,25.0
20,female,16,UK,66.0,40,84,47,28,45,37,35,46,9.5,4.5,21.0
20,male,16,UK,66.0,44,111,53,55,50,54,16,50,12.0,10.5,18.5
19,female,14,UK,59.5,43,105,57,24,48,25,55,57,16.5,12.0,40.5
28,male,21,UK,51.0,42,103,56,37,50,44,46,57,9.0,8.5,22.5
21,female,17,UK,66.0,43,109,52,38,48,33,43,58,12.0,10.0,35.5
23,male,19,UK,63.5,43,108,50,37,51,51,44,59,9.5,6.5,25.0
27,female,15,UK,40.0,41,112,50,54,58,52,25,60,9.5,8.5,30.0
19,female,13,UK,61.0,37,112,51,34,45,48,44,55,12.5,10.0,19.5
18,male,16,UK,59.0,37,82,43,36,46,40,42,47,8.0,4.5,15.5
21,female,14,UK,64.5,44,112,55,44,60,43,36,57,10.0,8.5,25.5
21,female,16,UK,57.0,40,102,40,36,37,40,60,50,10.5,12.0,31.0
22,female,18,UK,55.5,37,101,38,31,48,54,42,50,14.5,8.5,41.0
19,female,14,UK,27.0,10,64,34,36,45,31,40,46,9.0,9.0,24.5
18,male,14,UK,22.0,7,44,32,42,40,34,35,44,9.5,8.0,18.5
21,female,14,UK,49.0,21,76,36,42,48,32,48,43,8.0,9.5,27.0
26,female,15,UK,55.5,18,71,44,43,30,28,59,59,10.0,10.0,19.0
21,female,16,UK,40.5,27,78,38,16,42,29,57,46,9.5,8.5,25.5
22,female,17,UK,8.0,22,83,50,44,51,46,57,55,9.5,7.5,33.0
21,male,13,UK,8.0,13,67,31,40,50,51,36,40,13.5,10.5,26.5
24,female,13,UK,8.0,20,81,37,48,40,43,39,52,7.5,7.5,24.0
18,female,13,UK,17.0,8,47,25,34,40,32,38,30,10.5,8.5,30.5
19,female,15,UK,20.0,13,82,53,25,56,55,27,58,7.5,9.5,19.5
19,male,14,UK,57.0,19,65,34,37,48,36,24,46,11.0,10.0,31.5
30,female,19,UK,31.0,42,97,43,32,36,49,39,48,9.0,8.5,34.0
21,male,17,UK,63.5,47,119,56,54,49,49,33,60,9.0,9.5,27.0
22,male,15,UK,8.0,33,102,46,36,44,45,51,57,10.5,8.0,30.0
26,female,19,UK,66.0,32,85,48,40,59,56,46,55,8.5,7.5,22.0
18,female,14,UK,58.0,22,55,28,38,51,37,45,44,8.0,3.5,18.0
20,female,13,UK,66.0,14,65,39,38,42,34,39,48,15.0,15.0,31.0
18,female,14,UK,61.0,9,44,36,28,27,43,52,48,10.5,7.0,20.0
18,female,15,UK,8.0,31,95,49,53,47,37,47,56,9.0,8.0,22.5
19,female,15,UK,43.0,29,83,36,18,25,45,58,34,12.5,10.0,18.5
18,female,15,UK,63.5,28,67,41,27,36,35,32,47,7.5,8.5,23.0
19,female,15,UK,61.0,8,38,17,40,34,35,36,38,8.5,6.0,19.5
20,female,16,UK,58.5,38,86,37,33,43,46,48,52,8.0,8.0,26.0
20,female,16,UK,40.5,48,111,49,55,45,56,52,49,10.5,6.5,24.0
25,female,19,UK,58.0,34,104,45,42,56,46,33,57,9.5,7.5,27.0
20,male,14,UK,66.0,43,78,57,20,54,23,44,50,9.0,8.0,22.0
20,female,13,UK,61.0,39,96,45,48,47,56,46,51,11.5,9.0,31.0
19,female,15,UK,60.0,43,109,54,44,52,57,43,48,9.5,4.5,20.5
19,female,15,UK,47.5,42,100,53,28,54,36,37,47,8.5,7.5,26.0
19,female,16,UK,43.0,43,109,44,52,39,49,27,57,13.5,8.0,31.5
19,female,14,UK,53.5,43,117,59,37,47,31,41,57,13.0,8.0,32.0
18,female,14,UK,58.5,32,97,44,51,56,46,25,51,9.5,7.0,23.5
18,female,14,UK,56.0,42,108,53,36,55,47,29,50,9.0,10.0,20.0
19,male,15,UK,52.0,43,105,55,45,54,46,35,56,10.5,9.5,31.0
20,female,16,UK,61.0,42,94,41,40,47,36,50,52,9.0,11.5,23.0
22,male,18,UK,58.0,42,104,61,37,52,20,44,58,13.0,9.0,23.5
26,male,17,UK,38.0,14,64,32,43,43,34,35,43,13.0,6.5,21.0
25,female,17,UK,66.0,9,48,29,47,47,44,42,41,7.5,8.5,21.0
19,female,15,UK,58.5,25,89,49,45,35,28,38,53,9.5,7.5,21.0
21,female,17,UK,66.0,17,75,35,31,57,40,48,50,5.0,6.5,21.0
19,female,15,UK,54.0,13,58,42,46,39,33,35,51,10.0,7.5,18.5
18,female,15,UK,34.0,7,53,35,31,41,37,48,33,11.5,9.0,20.5
18,male,14,UK,45.5,7,34,22,34,30,31,50,49,8.5,8.0,27.5
20,female,15,UK,48.0,9,56,36,53,55,53,45,52,8.5,5.5,27.0
21,female,15,UK,43.5,11,73,41,49,39,51,35,50,10.5,7.0,14.5
22,female,17,UK,30.0,20,62,33,28,46,36,50,42,11.0,7.5,20.5
23,male,19,UK,23.5,7,41,36,24,40,34,32,38,9.5,8.5,18.5
22,female,15,UK,47.0,9,42,30,29,42,45,39,41,9.0,7.0,19.0
25,female,19,UK,45.0,9,63,40,41,42,46,39,49,16.5,8.0,16.5
18,female,14,UK,18.0,16,63,33,27,36,38,39,45,6.5,6.5,18.0
18,female,13,UK,48.5,10,59,32,31,41,47,35,42,8.5,8.5,21.5
20,female,16,UK,47.5,19,61,39,37,49,52,44,45,13.0,7.5,27.5
22,female,16,USA,61.0,44,96,59,35,41,40,52,53,7.5,9.5,21.5
21,female,15,USA,56.0,35,104,42,42,55,53,27,55,10.5,8.5,26.0
19,female,13,USA,61.0,36,103,55,55,41,50,36,51,8.0,11.0,20.0
20,female,14,USA,62.0,35,93,38,45,47,55,25,53,13.0,10.0,23.0
23,male,16,USA,66.0,45,110,41,45,52,37,22,57,12.0,10.0,32.0
19,female,13,USA,54.5,42,94,39,29,48,48,28,47,9.5,7.0,29.0
19,female,13,USA,66.0,41,114,56,49,44,55,29,53,8.0,8.0,28.0
20,female,14,USA,49.5,31,74,31,41,49,43,42,55,10.5,8.0,27.5
19,female,13,USA,61.0,41,99,52,47,32,50,41,52,10.5,10.5,22.0
19,female,13,USA,66.0,32,85,43,41,53,57,28,52,7.5,9.5,17.5
19,female,13,USA,66.0,34,104,54,40,58,49,45,57,12.5,8.0,20.0
18,female,12,USA,61.0,42,101,47,38,46,37,37,47,14.0,11.0,24.5
18,female,12,USA,56.0,42,103,49,35,39,44,46,52,11.0,7.5,29.0
22,female,16,USA,66.0,45,102,43,30,33,53,39,32,10.5,7.5,23.5
21,male,15,USA,56.0,26,64,30,50,50,59,20,49,12.5,9.0,22.0
21,female,15,USA,48.0,11,42,27,19,48,50,49,47,8.0,7.0,21.0
20,female,14,USA,39.0,13,68,46,35,42,26,53,51,9.0,5.5,19.5
20,male,15,USA,40.5,16,68,34,25,40,33,44,43,10.0,11.0,19.5
22,male,15,USA,18.0,17,57,30,24,39,36,37,42,11.0,8.5,19.0
20,female,14,USA,63.5,32,100,46,44,49,43,29,59,10.0,11.0,22.5
20,female,15,USA,66.0,29,87,46,48,49,48,42,56,10.0,7.0,22.0
20,female,14,USA,63.0,7,47,29,33,49,48,31,32,12.5,11.5,18.0
22,male,15,USA,62.0,16,67,38,43,42,43,48,45,8.5,9.0,28.0
19,female,13,USA,8.0,13,64,39,49,35,44,34,43,10.0,8.0,22.0
20,female,14,USA,48.0,11,53,27,34,42,40,38,35,9.5,7.5,25.0
19,female,13,USA,66.0,35,53,17,42,42,42,27,39,11.0,9.0,31.0
19,female,13,USA,55.5,17,53,27,34,42,27,23,40,10.5,10.5,17.5
21,female,15,USA,50.0,34,80,45,39,46,35,35,48,10.0,7.0,20.0
21,female,15,USA,61.0,22,61,40,42,50,47,21,54,16.5,10.0,27.5
30,male,23,USA,57.0,45,105,51,40,51,38,35,55,14.5,10.5,32.5
21,female,16,USA,57.0,36,83,39,44,56,46,25,50,7.0,8.0,27.0
18,female,13,USA,66.0,34,66,35,44,56,46,49,55,10.5,10.0,23.0
19,female,14,USA,66.0,39,92,40,47,50,51,36,43,11.5,11.5,23.5
20,female,14,USA,47.0,35,97,42,38,47,45,48,48,11.5,8.0,31.0
23,male,18,USA,40.5,41,96,42,38,44,58,47,57,12.0,8.5,26.0
20,male,14,USA,61.0,47,109,50,51,59,57,20,50,8.5,9.0,19.0
20,male,16,USA,61.0,38,99,49,33,52,37,38,48,14.5,10.0,22.0
20,female,15,USA,66.0,39,98,46,19,40,50,37,47,10.5,6.0,29.5
21,male,15,USA,54.5,38,95,37,53,37,27,34,49,10.0,7.5,26.0
18,male,13,USA,39.0,41,106,50,24,47,24,37,60,13.5,11.5,27.5
26,female,17,USA,43.0,33,67,33,46,42,26,26,51,8.0,9.0,23.5
19,male,14,USA,64.5,41,100,53,44,54,56,17,57,9.5,8.5,17.5
21,male,15,USA,45.5,41,106,42,49,47,37,21,50,11.0,11.0,27.5
19,female,14,USA,66.0,41,90,53,40,42,55,37,54,13.0,10.0,28.0
27,male,17,USA,61.0,45,123,62,56,31,43,22,55,12.5,9.0,29.0
21,female,15,USA,58.0,44,101,55,44,45,35,28,56,10.5,8.0,24.5
21,female,16,USA,63.5,44,113,43,31,44,40,31,53,12.0,9.5,31.5
19,male,15,USA,63.5,40,101,41,54,56,49,17,50,15.0,10.0,18.0
30,female,19,USA,8.0,37,80,32,30,45,44,35,44,7.5,9.0,26.0
19,female,14,USA,60.5,40,101,48,34,49,45,44,49,12.5,11.5,19.5
30,male,23,USA,59.0,9,47,29,37,52,48,19,39,11.5,12.0,28.5
20,female,16,USA,63.5,10,47,24,49,45,50,47,21,10.0,9.0,26.5
26,male,16,USA,56.0,24,74,35,54,58,51,15,52,8.5,9.0,14.5
20,female,15,USA,66.0,18,47,31,40,42,32,47,46,8.0,12.0,16.5
21,female,14,USA,62.0,14,66,42,49,52,38,40,44,10.5,11.5,30.0
18,male,13,USA,63.5,9,60,39,35,35,43,26,28,10.0,10.0,19.5
18,female,13,USA,58.0,11,53,26,36,40,40,42,33,13.0,11.5,19.5
19,female,14,USA,62.0,15,49,32,35,52,28,51,41,13.5,8.0,33.5
23,male,17,USA,58.0,15,64,34,38,45,36,30,44,9.0,9.5,24.5
22,male,14,USA,40.0,12,51,48,32,41,34,31,45,11.5,10.0,29.5
22,female,15,USA,27.0,29,78,40,36,47,44,50,47,11.5,10.0,25.0
21,male,16,USA,53.0,11,35,20,31,49,50,32,33,13.5,7.5,20.5
20,female,15,USA,51.0,28,58,27,30,41,46,45,41,10.5,6.5,20.0
19,male,14,USA,50.5,12,46,29,41,50,38,28,34,11.5,12.5,18.0
19,female,14,USA,52.0,10,47,22,49,49,52,28,45,12.5,10.0,15.5
20,male,14,USA,59.5,25,76,36,49,53,38,16,51,11.5,8.0,15.0
20,female,15,USA,63.5,19,75,44,51,54,52,31,51,10.5,9.5,17.0
29,female,18,USA,34.0,20,63,40,33,45,38,31,42,8.5,6.5,18.5
20,male,14,USA,38.0,23,72,43,41,40,39,39,45,6.5,7.0,21.5
26,female,18,USA,58.0,8,51,28,36,48,49,23,39,11.0,9.0,24.0
22,male,14,USA,32.5,18,71,42,49,50,51,19,50,8.5,7.0,18.5
22,female,18,USA,53.5,42,115,50,53,46,54,36,53,10.0,9.0,31.5
18,female,14,USA,66.0,44,117,57,57,53,55,31,58,11.0,9.5,24.5
20,female,15,USA,8.0,39,112,49,50,48,48,46,59,10.5,7.5,29.5
25,male,18,USA,66.0,47,117,57,55,47,48,19,55,11.5,9.5,16.5
23,female,19,USA,50.0,39,101,59,41,35,44,42,51,10.5,7.5,15.5
22,male,16,USA,58.0,38,76,51,33,41,56,59,54,9.5,11.5,26.0
20,female,15,USA,61.0,43,105,50,46,52,39,30,37,11.0,8.0,23.5
23,female,18,USA,59.5,45,112,52,39,46,50,34,53,9.0,7.5,22.5
28,male,17,USA,48.0,45,121,59,55,33,39,36,59,10.5,6.0,33.0
21,female,17,USA,55.5,43,108,48,42,53,50,37,54,17.0,7.5,38.5
30,female,21,USA,61.0,35,95,51,28,42,50,57,26,10.0,7.0,24.0
26,male,21,USA,49.5,44,106,52,41,42,45,30,45,7.5,11.5,23.0
19,female,14,USA,50.5,41,107,48,37,42,48,37,44,12.5,9.5,29.0
22,male,18,USA,56.0,48,121,59,58,57,53,20,59,14.0,11.0,35.0
28,male,17,USA,63.5,39,94,46,32,49,45,34,57,14.5,9.0,39.5
26,male,17,USA,62.0,44,94,49,58,37,43,48,53,10.0,10.5,25.5
30,male,19,USA,66.0,47,96,51,39,49,40,31,54,7.0,8.0,27.0
28,male,21,USA,36.0,35,118,58,56,53,41,32,58,11.0,11.0,30.5
28,male,19,USA,8.0,29,77,41,30,44,26,33,49,8.5,6.5,23.0
22,male,17,USA,32.0,40,93,46,38,39,48,32,46,10.5,7.0,32.5
27,female,20,USA,17.0,43,114,56,53,48,58,44,49,13.0,9.0,29.0
23,female,17,USA,48.0,29,78,37,29,47,49,44,50,10.0,8.5,20.5
19,female,14,USA,8.0,10,62,25,18,40,37,46,33,9.5,8.0,17.0
20,female,15,USA,57.0,22,79,46,38,47,43,43,51,11.0,8.5,21.0
24,male,18,USA,8.0,7,78,63,30,46,31,41,55,8.5,4.5,22.5
23,female,18,USA,8.0,22,88,43,45,53,39,44,54,10.0,7.5,22.5
22,male,17,USA,49.5,7,51,35,45,42,46,29,44,11.0,9.0,20.5
19,female,15,USA,56.0,11,57,24,41,40,39,32,41,11.0,10.5,17.5
21,female,16,USA,55.5,9,59,44,52,49,46,31,48,11.5,5.0,23.5
30,female,20,USA,66.0,9,73,53,56,48,47,43,55,10.5,8.0,19.5
26,male,21,USA,63.0,12,30,20,39,50,40,25,50,11.5,8.0,22.5
23,male,17,USA,60.5,10,62,40,37,47,48,43,54,13.0,7.0,29.5
29,male,17,USA,55.0,9,28,23,38,40,21,49,39,13.5,6.5,12.0
30,male,20,USA,47.0,10,62,41,44,51,60,28,48,13.0,11.0,34.5
26,male,20,USA,66.0,11,28,31,49,38,51,31,53,10.5,8.5,23.5
28,male,20,USA,60.0,9,42,24,42,44,49,33,43,11.5,6.5,22.5
23,male,17,USA,59.5,15,56,35,38,41,47,40,48,11.0,8.5,25.0
27,female,19,USA,66.0,22,63,31,47,51,30,39,40,10.0,10.5,20.0
20,male,14,USA,56.0,40,100,53,56,59,24,45,60,11.5,7.5,27.5
18,female,13,USA,66.0,38,86,45,38,46,42,26,45,11.5,10.0,25.0
20,male,14,USA,61.0,46,108,50,46,47,46,35,56,10.5,8.0,30.0
19,female,14,USA,63.5,49,107,56,42,48,55,36,55,12.5,11.0,20.5
22,male,15,USA,48.0,34,87,44,41,44,30,30,45,9.5,7.0,24.0
18,female,12,USA,59.5,41,91,47,46,44,46,42,53,12.5,12.0,22.0
22,female,17,USA,62.0,42,111,41,53,52,25,50,58,7.0,7.0,28.5
20,female,15,USA,66.0,39,77,40,48,53,46,25,46,11.5,7.5,21.5
21,female,16,USA,58.0,42,99,51,58,52,42,31,59,10.5,10.5,29.5
19,male,14,USA,53.0,44,115,53,40,48,49,49,60,11.5,9.0,28.0
28,male,18,USA,59.5,46,107,46,41,52,44,20,52,13.0,11.0,35.5
24,female,16,USA,58.0,41,98,49,45,45,26,34,52,12.0,10.0,30.0
18,nonbinary,13,USA,31.5,36,88,48,34,48,43,34,51,11.0,14.5,24.0
22,female,16,USA,8.0,41,93,43,34,42,40,55,50,9.0,9.0,30.5
21,female,15,USA,59.5,45,116,45,33,42,43,42,59,13.5,12.5,30.0
20,male,14,USA,66.0,44,104,55,30,50,50,40,48,14.0,8.5,33.0
20,female,14,USA,49.5,42,116,55,49,55,51,28,54,7.0,5.5,24.0
23,female,16,USA,53.0,40,89,42,46,49,45,37,54,11.0,5.5,21.0
23,male,16,USA,41.0,46,116,57,34,57,47,32,60,9.0,6.0,28.0
21,female,14,USA,37.0,42,97,45,33,54,35,35,48,9.0,10.5,27.5
19,female,13,USA,35.0,42,104,47,54,53,43,34,53,7.0,8.5,21.5
23,female,17,USA,34.5,7,41,15,33,48,35,26,35,15.5,6.0,17.0
19,female,14,USA,63.5,13,50,26,46,52,45,41,52,10.0,8.0,15.0
19,female,13,USA,66.0,14,46,21,52,52,48,23,43,9.5,6.5,21.5
22,female,15,USA,47.0,7,38,26,43,54,59,16,41,8.5,6.5,18.0
19,female,13,USA,42.0,12,67,40,41,44,38,46,46,12.0,11.5,27.5
23,female,16,USA,66.0,7,36,15,50,45,46,43,42,10.5,8.0,24.5
22,male,17,USA,13.0,13,71,44,46,52,46,31,44,14.5,8.5,20.5
20,male,14,USA,45.5,14,68,49,43,55,42,15,57,12.0,6.5,19.0
19,female,14,USA,8.0,7,69,51,29,42,37,39,49,9.0,4.0,19.5
20,female,14,USA,66.0,11,48,24,27,47,40,43,46,15.5,12.5,36.5
18,male,13,USA,27.0,14,63,31,51,32,48,35,45,14.0,9.0,19.5
23,female,17,USA,43.0,20,75,38,34,48,46,43,39,7.5,4.5,24.5
21,male,15,USA,25.0,10,56,38,44,44,49,21,50,11.5,8.5,24.0
19,male,13,USA,43.0,7,34,20,22,41,27,49,41,10.0,11.5,20.0
21,male,15,USA,59.5,9,38,20,58,45,56,17,48,12.0,4.5,26.0
27,male,19,USA,62.0,10,66,42,32,48,38,23,35,14.0,8.0,29.0
19,nonbinary,14,USA,61.0,7,46,24,45,37,41,39,56,11.0,6.5,18.5
20,female,14,USA,42.5,9,68,44,46,38,41,39,51,10.0,9.5,22.5
22,female,15,USA,64.5,13,40,25,52,53,50,15,43,8.5,8.5,22.0
22,female,16,USA,57.0,16,77,54,38,50,47,32,54,10.5,5.0,16.5
20,female,14,USA,24.0,7,32,29,40,46,39,54,53,7.5,5.0,11.0
19,male,14,USA,61.0,37,75,34,33,60,37,33,42,13.5,11.5,34.5
21,female,14,USA,55.0,19,88,49,45,52,41,41,52,9.0,5.5,16.0
18,female,13,USA,58.0,14,49,37,51,41,53,29,60,9.0,6.5,18.5
19,female,14,USA,63.5,11,50,34,37,40,36,39,45,18.5,5.5,37.0
21,male,16,USA,23.5,7,23,14,39,30,27,41,19,7.5,9.0,11.5
30,female,19,USA,59.0,38,102,55,54,50,60,39,56,11.5,10.0,22.5
23,female,16,USA,63.0,40,94,39,42,55,44,51,60,8.0,8.5,34.0
23,female,16,USA,61.0,9,55,33,44,48,58,35,37,10.0,10.5,17.5
28,male,17,USA,57.0,48,115,54,43,41,41,41,55,11.5,8.5,27.5
24,female,17,USA,66.0,44,93,36,43,53,58,28,46,9.0,9.5,21.0
23,female,16,USA,66.0,13,67,43,43,42,32,43,47,9.5,7.0,16.5
27,female,16,USA,45.0,13,42,29,33,46,37,37,55,8.0,6.5,22.0
30,female,17,USA,57.0,43,103,44,26,48,41,59,52,8.5,8.0,29.5
25,male,16,USA,56.0,8,38,33,31,48,47,20,45,11.5,9.5,11.0
21,female,15,USA,57.0,41,107,47,40,49,52,22,52,8.5,8.5,22.5
20,female,14,USA,61.0,20,65,31,39,55,51,31,49,10.0,10.5,21.5
19,female,13,USA,27.0,34,82,42,45,38,39,34,48,9.0,10.5,21.5
22,female,15,USA,44.0,14,66,35,23,56,31,34,34,7.5,6.5,23.5
21,male,16,USA,32.5,46,97,48,53,42,40,26,52,8.5,9.0,27.0
18,male,13,USA,66.0,39,86,45,39,46,44,34,44,8.5,11.5,23.5
18,male,13,USA,53.0,7,46,30,45,42,32,30,41,10.0,11.0,26.0
19,female,15,USA,66.0,42,115,59,49,49,60,24,58,12.5,7.5,25.5
30,female,20,USA,22.0,24,74,32,23,46,56,50,32,10.0,8.0,19.0
20,female,14,USA,61.0,25,79,37,29,47,45,27,39,9.0,9.0,35.5
20,female,15,USA,58.0,19,77,43,40,55,45,34,55,11.0,8.5,23.5
20,female,16,USA,58.0,43,99,52,38,51,52,32,49,9.5,9.5,31.0
20,female,14,USA,58.0,45,106,53,35,42,50,41,58,11.5,11.0,31.0
20,female,14,USA,8.0,37,61,31,28,37,52,45,39,11.0,12.0,25.5
19,female,13,USA,53.0,39,104,54,27,53,46,39,56,11.0,8.5,33.0
24,female,16,USA,62.0,43,100,35,41,48,51,27,54,10.5,8.5,25.5
20,female,14,USA,47.5,16,45,22,50,47,30,25,55,14.5,10.0,26.0
20,female,14,USA,66.0,21,75,28,48,44,33,30,49,12.5,8.5,20.0
19,female,14,USA,59.5,19,82,38,25,52,23,51,54,18.0,8.0,34.0
19,male,14,USA,45.5,40,102,46,37,44,35,36,40,15.5,8.0,29.0
19,male,13,USA,66.0,41,93,39,37,51,23,27,51,13.0,8.0,31.5
21,male,15,USA,58.0,18,67,36,35,32,48,36,37,10.5,9.5,19.0
19,male,12,USA,66.0,21,76,35,27,36,28,23,52,17.5,13.0,29.0
20,male,14,USA,22.5,14,57,33,44,45,47,25,52,9.5,7.0,18.0
18,male,13,USA,25.0,12,42,35,45,50,48,33,48,12.0,9.0,14.0
